ProductID,ProductName,Category,SubCategory,BatchNumber,ManufactureDate,ExpiryDate,QuantityInStock,ReorderLevel,AverageDailySales,Last7DaySales,Location,Temperature,Humidity,CarbonFootprintScore,IsOrganic,IsVegan,LoyalCustomerIDs,SupplierID,RestockTimeInDays,Price,DiscountEligible,LastRestockedDate,StoreID,Aisle
P1000,Apple 959g,Produce,Apple,B381,2025-06-26,2025-07-10,67,24,14.99,109,Store5-Aisle3,14.8,41.6,2,True,True,C674,SUP303,6,198.47,False,2025-06-27,Store5,Aisle3
P1001,Coffee 484g,Beverages,Coffee,B928,2025-06-26,2025-07-03,50,42,9.03,62,Store2-Aisle7,23.9,56.8,2,False,True,"C967,C452,C718",SUP370,7,22.6,False,2025-06-30,Store2,Aisle7
P1002,Banana 280g,Produce,Banana,B665,2025-06-23,2025-07-09,170,39,17.82,124,Store5-Aisle7,17.6,42.3,4,False,True,"C987,C203",SUP489,3,141.49,False,2025-06-24,Store5,Aisle7
P1003,Pasta 414g,Pantry,Pasta,B786,2025-06-18,2025-07-03,189,49,13.99,93,Store5-Aisle6,13.4,52.2,8,False,False,"C801,C432",SUP963,7,235.04,True,2025-06-18,Store5,Aisle6
P1004,Pasta 474g,Pantry,Pasta,B167,2025-06-21,2025-07-04,155,48,14.64,100,Store4-Aisle13,22.1,72.1,3,False,True,"C862,C674",SUP651,3,226.63,False,2025-06-25,Store4,Aisle13
P1005,Crackers 424g,Snacks,Crackers,B241,2025-06-10,2025-07-03,136,22,15.36,103,Store2-Aisle6,19.8,61.1,2,False,False,"C641,C357,C666,C981",SUP111,6,219.01,False,2025-06-15,Store2,Aisle6
P1006,Rice 500g,Pantry,Rice,B545,2025-07-03,2025-07-15,126,20,19.12,132,Store5-Aisle6,12.7,45.3,5,True,True,"C880,C265,C652",SUP897,5,276.36,False,2025-07-06,Store5,Aisle6
P1007,Milk 571g,Dairy,Milk,B999,2025-07-05,2025-07-21,71,21,5.58,43,Store1-Aisle3,18.3,80.8,9,True,True,"C662,C269,C371,C640",SUP993,5,132.71,True,2025-07-09,Store1,Aisle3
P1008,Pork 519g,Meat,Pork,B508,2025-06-14,2025-07-12,176,31,9.32,68,Store4-Aisle4,6.2,43.2,1,True,True,C172,SUP824,6,27.07,True,2025-06-14,Store4,Aisle4
P1009,Rice 726g,Pantry,Rice,B343,2025-06-28,2025-07-13,181,35,5.07,32,Store5-Aisle19,11.8,79.2,7,True,True,C774,SUP541,3,132.84,False,2025-07-03,Store5,Aisle19
P1010,Yogurt 869g,Dairy,Yogurt,B761,2025-06-24,2025-07-04,25,32,14.84,99,Store2-Aisle7,4.8,62.4,7,True,False,"C355,C995,C177,C553",SUP927,7,258.23,True,2025-06-24,Store2,Aisle7
P1011,Milk 971g,Dairy,Milk,B969,2025-06-27,2025-07-11,52,33,10.23,69,Store4-Aisle2,4.1,40.1,7,False,False,"C533,C813,C848",SUP902,5,201.94,False,2025-06-28,Store4,Aisle2
P1012,Beef 422g,Meat,Beef,B159,2025-07-04,2025-07-29,198,37,2.16,15,Store1-Aisle2,14.6,65.1,9,True,True,C971,SUP290,1,182.56,True,2025-07-07,Store1,Aisle2
P1013,Spinach 452g,Produce,Spinach,B692,2025-06-25,2025-07-21,20,39,2.56,22,Store5-Aisle19,13.1,86.7,4,False,True,"C505,C234,C787",SUP760,3,142.6,True,2025-06-25,Store5,Aisle19
P1014,Coffee 776g,Beverages,Coffee,B202,2025-07-03,2025-07-12,147,26,10.61,71,Store3-Aisle3,22.0,58.5,3,False,False,C783,SUP936,5,96.82,True,2025-07-04,Store3,Aisle3
P1015,Frozen Pizza 309g,Frozen,Frozen Pizza,B860,2025-07-06,2025-07-30,49,28,6.35,42,Store3-Aisle7,17.2,82.6,9,False,False,C194,SUP749,4,250.51,True,2025-07-06,Store3,Aisle7
P1016,Rice 852g,Pantry,Rice,B368,2025-06-18,2025-06-30,199,34,11.48,81,Store5-Aisle1,2.8,87.3,3,True,False,"C540,C230",SUP142,3,115.75,True,2025-06-20,Store5,Aisle1
P1017,Pork 455g,Meat,Pork,B782,2025-07-01,2025-07-11,100,44,11.64,82,Store5-Aisle5,23.1,51.8,3,True,False,C283,SUP854,3,236.89,False,2025-07-06,Store5,Aisle5
P1018,Beef 363g,Meat,Beef,B906,2025-07-05,2025-08-03,37,32,17.57,124,Store2-Aisle7,20.4,63.0,5,True,True,C775,SUP297,4,105.2,True,2025-07-07,Store2,Aisle7
P1019,Flour 721g,Pantry,Flour,B509,2025-06-24,2025-07-22,147,30,18.85,127,Store3-Aisle6,14.5,89.2,1,True,False,"C846,C905,C421",SUP546,5,295.43,True,2025-06-27,Store3,Aisle6
P1020,Beef 245g,Meat,Beef,B825,2025-06-27,2025-07-17,10,36,18.59,133,Store2-Aisle12,10.8,87.4,6,False,True,"C619,C416,C782",SUP518,3,126.7,False,2025-07-01,Store2,Aisle12
P1021,Bread 630g,Bakery,Bread,B780,2025-06-10,2025-06-29,183,43,18.15,131,Store5-Aisle10,10.2,81.7,5,False,True,"C904,C693,C721,C770",SUP429,4,138.12,True,2025-06-14,Store5,Aisle10
P1022,Coffee 373g,Beverages,Coffee,B774,2025-06-28,2025-07-07,82,36,13.61,99,Store3-Aisle3,20.5,77.6,5,True,True,"C125,C147",SUP350,4,187.27,True,2025-07-01,Store3,Aisle3
P1023,Granola Bar 789g,Snacks,Granola Bar,B299,2025-06-14,2025-07-13,188,32,10.39,70,Store2-Aisle1,22.3,83.0,2,False,True,"C923,C812",SUP630,4,24.56,True,2025-06-14,Store2,Aisle1
P1024,Juice 675g,Beverages,Juice,B783,2025-06-15,2025-07-08,153,39,7.03,51,Store5-Aisle17,10.7,85.3,8,True,False,"C365,C869,C353,C960",SUP752,3,232.09,False,2025-06-20,Store5,Aisle17
P1025,Beef 650g,Meat,Beef,B179,2025-06-11,2025-07-10,83,27,6.16,43,Store5-Aisle3,3.5,51.6,3,True,True,"C517,C438,C655,C577",SUP525,1,69.98,False,2025-06-14,Store5,Aisle3
P1026,Yogurt 589g,Dairy,Yogurt,B588,2025-06-16,2025-06-23,100,29,15.32,108,Store5-Aisle18,20.0,84.9,8,True,False,"C597,C129,C498,C444",SUP784,6,241.46,True,2025-06-19,Store5,Aisle18
P1027,Muffin 746g,Bakery,Muffin,B127,2025-06-12,2025-07-01,161,38,13.6,91,Store4-Aisle5,21.7,49.1,5,False,False,"C565,C434",SUP445,7,265.1,False,2025-06-15,Store4,Aisle5
P1028,Frozen Pizza 681g,Frozen,Frozen Pizza,B119,2025-06-15,2025-07-15,148,21,20.0,140,Store2-Aisle3,19.5,72.6,1,True,True,C736,SUP256,2,46.6,True,2025-06-19,Store2,Aisle3
P1029,Beef 916g,Meat,Beef,B362,2025-06-20,2025-07-08,52,39,12.54,83,Store2-Aisle10,2.7,41.3,5,False,False,"C177,C706",SUP807,7,191.9,True,2025-06-25,Store2,Aisle10
P1030,Veg Mix 814g,Frozen,Veg Mix,B924,2025-07-06,2025-07-16,154,45,1.78,15,Store4-Aisle12,1.7,72.4,1,False,False,C543,SUP470,6,268.56,False,2025-07-11,Store4,Aisle12
P1031,Cake 380g,Bakery,Cake,B851,2025-06-18,2025-07-11,176,28,12.7,91,Store4-Aisle15,10.9,76.6,5,False,True,C385,SUP561,2,227.64,False,2025-06-20,Store4,Aisle15
P1032,Cheese 532g,Dairy,Cheese,B286,2025-06-20,2025-07-12,64,31,16.16,113,Store3-Aisle20,17.5,53.8,1,True,True,"C837,C516",SUP600,5,229.87,False,2025-06-25,Store3,Aisle20
P1033,Soda 217g,Beverages,Soda,B195,2025-06-15,2025-07-01,66,32,14.14,97,Store5-Aisle12,11.8,66.5,7,False,False,"C377,C413,C357,C336",SUP223,6,65.85,True,2025-06-20,Store5,Aisle12
P1034,Bread 421g,Bakery,Bread,B856,2025-06-13,2025-07-05,80,43,12.2,88,Store5-Aisle10,24.5,81.6,5,True,False,"C409,C114",SUP825,5,46.71,True,2025-06-13,Store5,Aisle10
P1035,Veg Mix 329g,Frozen,Veg Mix,B753,2025-07-02,2025-07-24,36,47,1.23,7,Store4-Aisle16,11.0,49.2,1,False,False,C941,SUP166,4,152.61,True,2025-07-03,Store4,Aisle16
P1036,Muffin 511g,Bakery,Muffin,B187,2025-07-06,2025-07-20,40,37,15.52,112,Store5-Aisle20,5.6,66.1,8,False,False,"C412,C682,C735,C161",SUP724,6,38.78,True,2025-07-11,Store5,Aisle20
P1037,Beef 876g,Meat,Beef,B183,2025-06-21,2025-07-03,71,25,11.49,77,Store1-Aisle14,11.3,69.7,5,True,True,"C823,C389,C819",SUP980,4,30.64,True,2025-06-23,Store1,Aisle14
P1038,Beef 317g,Meat,Beef,B657,2025-06-21,2025-07-05,175,24,18.26,124,Store1-Aisle2,4.1,55.4,10,False,False,C579,SUP805,3,212.92,False,2025-06-25,Store1,Aisle2
P1039,Soda 282g,Beverages,Soda,B712,2025-06-22,2025-06-30,120,43,7.12,48,Store1-Aisle3,5.7,73.7,10,True,False,C881,SUP874,2,146.45,False,2025-06-24,Store1,Aisle3
P1040,Muffin 646g,Bakery,Muffin,B750,2025-06-14,2025-07-06,33,35,7.61,53,Store3-Aisle4,21.4,56.5,8,False,False,C565,SUP190,3,83.2,True,2025-06-17,Store3,Aisle4
P1041,Yogurt 755g,Dairy,Yogurt,B573,2025-06-14,2025-07-04,23,26,10.85,79,Store4-Aisle15,19.0,50.2,9,True,False,"C815,C596,C224,C129",SUP745,5,241.8,True,2025-06-16,Store4,Aisle15
P1042,Yogurt 617g,Dairy,Yogurt,B195,2025-06-16,2025-06-30,39,34,18.99,137,Store2-Aisle16,23.3,54.6,5,False,False,"C349,C567,C664,C248",SUP492,2,277.34,True,2025-06-16,Store2,Aisle16
P1043,Ice Cream 548g,Frozen,Ice Cream,B906,2025-06-14,2025-07-07,78,46,1.05,6,Store5-Aisle19,25.0,64.5,3,False,False,"C440,C665,C881",SUP656,4,142.05,False,2025-06-15,Store5,Aisle19
P1044,Pork 592g,Meat,Pork,B339,2025-06-24,2025-07-14,21,30,15.15,107,Store4-Aisle5,12.4,41.9,9,False,True,"C202,C638,C567,C115",SUP839,2,128.89,True,2025-06-24,Store4,Aisle5
P1045,Soda 546g,Beverages,Soda,B738,2025-07-03,2025-08-01,111,40,2.53,17,Store5-Aisle13,23.9,71.3,8,True,True,"C746,C800",SUP394,2,226.56,False,2025-07-03,Store5,Aisle13
P1046,Banana 370g,Produce,Banana,B810,2025-06-21,2025-07-07,17,21,7.16,45,Store3-Aisle12,9.4,47.3,9,False,True,"C279,C180",SUP724,7,120.94,True,2025-06-24,Store3,Aisle12
P1047,Bread 672g,Bakery,Bread,B753,2025-06-29,2025-07-14,127,28,13.67,97,Store3-Aisle18,3.9,62.1,6,False,False,"C567,C965,C409",SUP303,4,257.47,True,2025-06-30,Store3,Aisle18
P1048,Granola Bar 567g,Snacks,Granola Bar,B688,2025-07-03,2025-07-19,189,29,1.42,14,Store4-Aisle9,0.2,83.3,1,False,False,"C721,C921",SUP460,2,194.62,False,2025-07-08,Store4,Aisle9
P1049,Muffin 299g,Bakery,Muffin,B742,2025-06-28,2025-07-25,20,29,15.98,106,Store5-Aisle12,18.3,44.5,5,False,False,"C305,C235",SUP905,5,264.17,False,2025-07-02,Store5,Aisle12
P1050,Frozen Pizza 463g,Frozen,Frozen Pizza,B944,2025-06-09,2025-07-01,85,43,17.54,118,Store4-Aisle3,3.5,88.3,7,False,True,"C114,C370,C649,C226",SUP565,3,205.12,False,2025-06-13,Store4,Aisle3
P1051,Granola Bar 580g,Snacks,Granola Bar,B210,2025-06-26,2025-07-24,69,35,1.48,13,Store3-Aisle20,5.5,43.2,8,False,False,C243,SUP146,1,98.27,False,2025-06-26,Store3,Aisle20
P1052,Apple 750g,Produce,Apple,B238,2025-06-10,2025-06-29,126,31,13.74,99,Store4-Aisle19,18.6,47.7,7,True,False,"C386,C133,C806,C479",SUP322,4,138.96,True,2025-06-12,Store4,Aisle19
P1053,Spinach 576g,Produce,Spinach,B657,2025-06-14,2025-07-11,101,21,8.56,57,Store1-Aisle15,2.3,50.6,10,True,True,"C349,C228,C905",SUP678,2,29.9,True,2025-06-18,Store1,Aisle15
P1054,Chicken 536g,Meat,Chicken,B892,2025-06-15,2025-06-26,162,20,6.27,40,Store2-Aisle18,6.3,48.7,1,True,True,"C908,C907,C343",SUP702,3,14.58,False,2025-06-15,Store2,Aisle18
P1055,Muffin 631g,Bakery,Muffin,B638,2025-06-27,2025-07-07,200,22,10.05,70,Store5-Aisle19,2.7,65.2,10,True,False,"C758,C131,C162,C590",SUP967,4,133.62,True,2025-06-30,Store5,Aisle19
P1056,Juice 282g,Beverages,Juice,B429,2025-06-25,2025-07-21,47,22,3.4,27,Store5-Aisle18,17.8,59.0,10,False,False,"C201,C912,C818,C217",SUP973,6,198.77,True,2025-06-28,Store5,Aisle18
P1057,Juice 623g,Beverages,Juice,B447,2025-06-17,2025-07-08,112,33,14.86,104,Store4-Aisle11,16.6,58.7,3,False,True,C951,SUP187,1,135.24,False,2025-06-18,Store4,Aisle11
P1058,Yogurt 775g,Dairy,Yogurt,B675,2025-06-16,2025-07-03,181,23,8.81,66,Store4-Aisle2,24.2,70.0,6,True,True,"C772,C593",SUP329,7,41.38,False,2025-06-16,Store4,Aisle2
P1059,Veg Mix 431g,Frozen,Veg Mix,B926,2025-06-13,2025-07-03,153,44,16.55,119,Store5-Aisle1,15.2,72.9,5,True,True,"C819,C880,C416",SUP447,3,11.77,True,2025-06-17,Store5,Aisle1
P1060,Chips 345g,Snacks,Chips,B858,2025-06-13,2025-07-10,17,22,15.18,104,Store4-Aisle14,11.3,47.9,5,False,True,C259,SUP261,7,189.17,True,2025-06-15,Store4,Aisle14
P1061,Coffee 634g,Beverages,Coffee,B597,2025-06-25,2025-07-21,123,33,6.19,46,Store1-Aisle12,10.7,54.2,10,False,False,C325,SUP504,5,25.89,True,2025-06-27,Store1,Aisle12
P1062,Chicken 982g,Meat,Chicken,B361,2025-06-27,2025-07-13,93,23,1.15,9,Store2-Aisle5,9.5,75.2,9,False,True,"C982,C859,C143,C546",SUP119,4,277.14,False,2025-07-01,Store2,Aisle5
P1063,Granola Bar 614g,Snacks,Granola Bar,B826,2025-06-14,2025-07-11,116,29,3.19,17,Store3-Aisle6,20.0,70.9,6,True,False,C349,SUP546,5,126.13,True,2025-06-17,Store3,Aisle6
P1064,Veg Mix 547g,Frozen,Veg Mix,B326,2025-06-12,2025-06-29,53,22,10.7,70,Store5-Aisle17,4.8,78.8,6,True,True,C249,SUP362,2,60.31,True,2025-06-17,Store5,Aisle17
P1065,Apple 991g,Produce,Apple,B743,2025-06-09,2025-07-01,128,44,11.71,85,Store4-Aisle19,16.1,89.3,6,False,True,"C169,C580,C552,C746",SUP410,7,89.66,True,2025-06-11,Store4,Aisle19
P1066,Banana 672g,Produce,Banana,B562,2025-06-21,2025-06-29,24,31,16.8,113,Store1-Aisle20,14.9,59.2,10,True,False,"C429,C719",SUP587,5,53.75,True,2025-06-24,Store1,Aisle20
P1067,Banana 931g,Produce,Banana,B186,2025-06-18,2025-07-11,175,25,1.74,14,Store4-Aisle17,13.1,47.9,6,False,False,"C893,C446,C795,C712",SUP153,7,192.96,False,2025-06-18,Store4,Aisle17
P1068,Rice 771g,Pantry,Rice,B794,2025-06-11,2025-06-30,82,28,14.75,108,Store5-Aisle5,8.3,69.1,3,False,False,"C232,C709,C825,C186",SUP417,5,119.24,False,2025-06-12,Store5,Aisle5
P1069,Spinach 886g,Produce,Spinach,B533,2025-06-27,2025-07-20,102,20,7.89,52,Store2-Aisle11,23.7,64.3,4,True,True,C402,SUP964,7,39.33,True,2025-07-02,Store2,Aisle11
P1070,Flour 334g,Pantry,Flour,B711,2025-06-17,2025-07-06,49,25,4.44,35,Store2-Aisle15,1.1,58.2,4,False,False,"C339,C646,C344,C416",SUP928,7,146.01,True,2025-06-19,Store2,Aisle15
P1071,Soda 987g,Beverages,Soda,B388,2025-07-03,2025-07-22,138,36,8.95,59,Store2-Aisle20,3.5,52.5,8,False,True,C391,SUP185,7,56.49,False,2025-07-07,Store2,Aisle20
P1072,Cake 293g,Bakery,Cake,B327,2025-06-08,2025-06-29,99,49,1.51,5,Store4-Aisle17,9.3,59.3,2,False,True,C426,SUP201,7,217.26,False,2025-06-09,Store4,Aisle17
P1073,Bread 493g,Bakery,Bread,B949,2025-06-19,2025-07-11,188,46,3.64,27,Store4-Aisle20,0.1,44.0,5,True,True,"C213,C894,C395,C343",SUP408,1,23.85,False,2025-06-24,Store4,Aisle20
P1074,Juice 313g,Beverages,Juice,B956,2025-06-09,2025-07-01,162,37,1.31,12,Store5-Aisle8,18.0,54.6,1,False,True,"C291,C780,C784,C187",SUP636,3,29.63,True,2025-06-12,Store5,Aisle8
P1075,Juice 850g,Beverages,Juice,B496,2025-06-20,2025-07-08,74,43,1.31,5,Store3-Aisle8,18.3,71.4,10,False,True,C460,SUP659,3,245.92,True,2025-06-25,Store3,Aisle8
P1076,Coffee 690g,Beverages,Coffee,B746,2025-06-14,2025-06-26,44,22,14.6,104,Store1-Aisle10,5.0,79.6,1,False,False,"C934,C656,C584,C359",SUP137,7,197.6,False,2025-06-16,Store1,Aisle10
P1077,Yogurt 539g,Dairy,Yogurt,B379,2025-06-13,2025-06-23,104,33,17.9,127,Store4-Aisle11,24.3,64.8,8,False,False,C844,SUP534,1,134.88,True,2025-06-17,Store4,Aisle11
P1078,Ice Cream 305g,Frozen,Ice Cream,B181,2025-06-14,2025-07-01,179,29,6.82,51,Store4-Aisle6,17.2,57.6,1,False,False,"C754,C910,C158",SUP176,6,194.88,False,2025-06-18,Store4,Aisle6
P1079,Bread 346g,Bakery,Bread,B969,2025-07-06,2025-08-01,183,45,9.33,62,Store1-Aisle8,19.5,58.3,7,True,True,"C479,C480,C554,C881",SUP178,5,49.93,False,2025-07-09,Store1,Aisle8
P1080,Flour 485g,Pantry,Flour,B355,2025-06-18,2025-06-28,16,43,4.53,34,Store4-Aisle18,2.9,78.7,8,True,False,"C304,C225,C238,C973",SUP175,4,60.07,False,2025-06-18,Store4,Aisle18
P1081,Flour 555g,Pantry,Flour,B826,2025-06-27,2025-07-06,150,37,6.52,44,Store2-Aisle6,19.8,65.4,2,True,True,"C909,C605",SUP126,3,170.67,False,2025-06-30,Store2,Aisle6
P1082,Muffin 288g,Bakery,Muffin,B167,2025-06-23,2025-07-09,111,42,14.66,105,Store4-Aisle14,20.6,43.7,6,True,False,"C796,C629,C452,C231",SUP999,7,236.28,True,2025-06-24,Store4,Aisle14
P1083,Granola Bar 256g,Snacks,Granola Bar,B951,2025-07-01,2025-07-11,142,24,6.78,44,Store3-Aisle8,8.7,87.0,5,True,False,"C750,C664",SUP381,2,191.26,True,2025-07-05,Store3,Aisle8
P1084,Muffin 794g,Bakery,Muffin,B257,2025-06-18,2025-06-30,178,39,14.69,106,Store3-Aisle19,1.0,83.2,2,True,False,"C885,C685",SUP526,5,195.31,False,2025-06-23,Store3,Aisle19
P1085,Veg Mix 509g,Frozen,Veg Mix,B594,2025-06-08,2025-06-22,185,32,6.65,42,Store1-Aisle6,11.0,64.2,4,False,True,"C982,C835,C426",SUP851,7,110.16,False,2025-06-09,Store1,Aisle6
P1086,Flour 775g,Pantry,Flour,B208,2025-06-13,2025-06-30,71,34,3.33,25,Store2-Aisle5,2.4,54.5,7,False,True,"C933,C435",SUP691,6,100.69,True,2025-06-16,Store2,Aisle5
P1087,Soda 515g,Beverages,Soda,B609,2025-06-13,2025-06-20,33,50,8.47,61,Store2-Aisle7,14.6,42.4,5,False,False,"C649,C108,C967",SUP210,4,48.84,False,2025-06-18,Store2,Aisle7
P1088,Pasta 574g,Pantry,Pasta,B146,2025-06-25,2025-07-14,23,38,11.67,81,Store5-Aisle10,1.8,65.2,9,False,True,"C199,C503",SUP482,7,296.17,False,2025-06-26,Store5,Aisle10
P1089,Pork 721g,Meat,Pork,B511,2025-06-12,2025-07-05,20,21,1.74,12,Store4-Aisle17,11.4,70.3,9,True,False,"C266,C502,C731",SUP857,7,96.78,False,2025-06-16,Store4,Aisle17
P1090,Coffee 776g,Beverages,Coffee,B406,2025-06-11,2025-07-03,14,31,7.29,47,Store4-Aisle19,7.7,84.9,1,False,False,"C838,C152",SUP697,4,59.45,False,2025-06-12,Store4,Aisle19
P1091,Chicken 786g,Meat,Chicken,B817,2025-07-04,2025-07-14,58,20,9.38,66,Store2-Aisle14,17.3,60.5,10,False,True,"C631,C312",SUP674,3,299.46,False,2025-07-08,Store2,Aisle14
P1092,Crackers 377g,Snacks,Crackers,B570,2025-07-05,2025-07-29,97,37,7.73,59,Store3-Aisle20,12.1,87.9,5,False,True,"C889,C395,C821",SUP312,6,214.45,False,2025-07-08,Store3,Aisle20
P1093,Flour 938g,Pantry,Flour,B380,2025-06-09,2025-06-25,41,38,13.86,98,Store4-Aisle12,23.9,80.2,5,True,False,C454,SUP552,6,84.37,False,2025-06-10,Store4,Aisle12
P1094,Pork 477g,Meat,Pork,B675,2025-06-12,2025-07-11,79,24,3.08,25,Store2-Aisle8,1.3,85.3,4,True,True,C523,SUP438,6,147.0,True,2025-06-12,Store2,Aisle8
P1095,Cake 868g,Bakery,Cake,B999,2025-06-22,2025-07-14,132,40,4.79,32,Store3-Aisle10,16.1,85.4,2,True,True,"C527,C957",SUP280,1,299.18,False,2025-06-25,Store3,Aisle10
P1096,Muffin 496g,Bakery,Muffin,B997,2025-07-06,2025-07-14,12,29,11.79,78,Store3-Aisle10,11.4,72.1,9,False,True,"C379,C297,C928,C215",SUP438,2,222.02,False,2025-07-11,Store3,Aisle10
P1097,Bread 954g,Bakery,Bread,B445,2025-06-16,2025-07-02,155,41,15.39,104,Store5-Aisle13,20.7,65.8,2,False,True,"C243,C588",SUP431,2,11.98,False,2025-06-17,Store5,Aisle13
P1098,Soda 537g,Beverages,Soda,B409,2025-06-13,2025-07-08,195,38,1.22,13,Store3-Aisle8,1.6,45.9,5,True,False,"C806,C220,C754",SUP402,3,188.24,True,2025-06-14,Store3,Aisle8
P1099,Juice 665g,Beverages,Juice,B865,2025-06-19,2025-07-15,105,33,14.34,102,Store5-Aisle7,19.0,74.0,10,True,False,"C179,C677,C214",SUP163,7,168.82,True,2025-06-23,Store5,Aisle7
P1100,Bread 535g,Bakery,Bread,B974,2025-06-21,2025-07-14,123,23,13.93,101,Store4-Aisle3,22.5,62.3,1,False,True,"C567,C677,C159,C672",SUP573,6,244.01,True,2025-06-24,Store4,Aisle3
P1101,Frozen Pizza 963g,Frozen,Frozen Pizza,B323,2025-07-04,2025-07-29,28,21,9.05,59,Store5-Aisle2,23.4,43.5,8,True,False,"C284,C887,C238,C884",SUP756,6,197.31,False,2025-07-06,Store5,Aisle2
P1102,Crackers 586g,Snacks,Crackers,B484,2025-07-01,2025-07-10,184,50,13.57,97,Store2-Aisle12,3.0,89.6,7,True,True,C874,SUP123,3,144.27,False,2025-07-05,Store2,Aisle12
P1103,Chips 453g,Snacks,Chips,B571,2025-06-16,2025-07-04,49,28,4.58,28,Store1-Aisle14,15.4,86.8,1,True,True,C203,SUP708,1,139.47,True,2025-06-17,Store1,Aisle14
P1104,Cheese 649g,Dairy,Cheese,B339,2025-06-23,2025-07-17,65,44,17.41,116,Store2-Aisle17,24.8,51.7,10,False,False,"C409,C997",SUP246,6,161.16,False,2025-06-25,Store2,Aisle17
P1105,Frozen Pizza 770g,Frozen,Frozen Pizza,B705,2025-06-29,2025-07-29,54,40,13.9,100,Store4-Aisle2,24.3,87.1,7,False,False,"C252,C407,C485,C288",SUP872,5,147.32,True,2025-07-01,Store4,Aisle2
P1106,Cake 259g,Bakery,Cake,B675,2025-07-01,2025-07-21,116,37,11.07,78,Store2-Aisle9,5.1,72.3,8,False,True,"C152,C374",SUP486,6,185.44,True,2025-07-01,Store2,Aisle9
P1107,Pork 941g,Meat,Pork,B787,2025-06-22,2025-07-16,65,35,4.97,34,Store3-Aisle1,5.3,49.5,2,False,True,"C506,C345",SUP665,3,234.9,False,2025-06-25,Store3,Aisle1
P1108,Pasta 467g,Pantry,Pasta,B468,2025-07-01,2025-07-24,137,34,2.87,22,Store3-Aisle7,9.3,60.7,10,True,True,C367,SUP666,5,177.95,False,2025-07-03,Store3,Aisle7
P1109,Bread 537g,Bakery,Bread,B335,2025-06-29,2025-07-18,155,46,5.67,42,Store3-Aisle9,19.1,64.4,8,False,True,"C273,C243,C837",SUP659,4,63.37,True,2025-07-03,Store3,Aisle9
P1110,Milk 884g,Dairy,Milk,B149,2025-06-16,2025-06-23,115,24,17.01,117,Store1-Aisle5,0.2,65.3,6,True,False,"C116,C106,C644,C664",SUP521,1,14.85,False,2025-06-20,Store1,Aisle5
P1111,Frozen Pizza 714g,Frozen,Frozen Pizza,B932,2025-06-17,2025-07-16,182,33,16.32,111,Store1-Aisle4,13.1,52.0,10,False,False,"C914,C506,C180",SUP482,4,143.11,True,2025-06-22,Store1,Aisle4
P1112,Beef 900g,Meat,Beef,B947,2025-07-03,2025-07-12,177,47,13.35,88,Store1-Aisle13,9.5,67.6,1,True,True,C611,SUP965,4,197.02,False,2025-07-07,Store1,Aisle13
P1113,Spinach 243g,Produce,Spinach,B335,2025-06-16,2025-06-29,187,48,11.77,81,Store1-Aisle3,17.1,54.0,9,True,True,"C116,C312,C701",SUP247,7,248.0,False,2025-06-16,Store1,Aisle3
P1114,Frozen Pizza 777g,Frozen,Frozen Pizza,B346,2025-06-08,2025-07-03,109,41,18.03,126,Store4-Aisle5,19.8,74.5,2,False,True,C547,SUP337,7,32.05,False,2025-06-10,Store4,Aisle5
P1115,Yogurt 479g,Dairy,Yogurt,B902,2025-06-13,2025-07-04,135,27,7.76,55,Store4-Aisle6,17.0,73.0,2,False,True,C184,SUP374,2,120.2,True,2025-06-18,Store4,Aisle6
P1116,Crackers 569g,Snacks,Crackers,B209,2025-06-21,2025-06-30,11,50,6.86,48,Store3-Aisle4,3.3,49.4,8,False,True,C191,SUP462,5,36.99,False,2025-06-24,Store3,Aisle4
P1117,Cheese 623g,Dairy,Cheese,B497,2025-06-10,2025-06-19,195,48,11.63,79,Store5-Aisle17,4.2,59.0,3,False,False,"C604,C249,C164",SUP271,4,90.03,False,2025-06-13,Store5,Aisle17
P1118,Banana 457g,Produce,Banana,B352,2025-06-19,2025-07-19,170,35,12.28,83,Store4-Aisle4,3.4,40.3,7,False,False,"C550,C442,C540",SUP935,7,259.26,True,2025-06-21,Store4,Aisle4
P1119,Flour 911g,Pantry,Flour,B305,2025-07-01,2025-07-23,90,25,19.33,135,Store3-Aisle16,24.2,79.1,6,False,False,"C473,C216,C677,C304",SUP706,5,62.18,True,2025-07-06,Store3,Aisle16
P1120,Coffee 414g,Beverages,Coffee,B548,2025-07-03,2025-07-19,187,22,16.56,116,Store4-Aisle5,15.8,52.1,3,False,False,C559,SUP712,4,178.85,False,2025-07-07,Store4,Aisle5
P1121,Cheese 918g,Dairy,Cheese,B931,2025-06-20,2025-07-14,162,40,18.37,124,Store2-Aisle12,4.2,70.6,10,False,False,"C208,C110,C200,C364",SUP327,5,226.59,True,2025-06-23,Store2,Aisle12
P1122,Pasta 674g,Pantry,Pasta,B890,2025-06-26,2025-07-24,160,42,10.51,73,Store1-Aisle16,2.6,60.8,2,True,True,"C419,C451,C566",SUP903,2,161.12,False,2025-06-29,Store1,Aisle16
P1123,Banana 939g,Produce,Banana,B813,2025-06-11,2025-07-02,91,22,6.71,42,Store1-Aisle11,16.2,73.9,3,True,True,"C438,C673",SUP536,4,77.24,False,2025-06-16,Store1,Aisle11
P1124,Bread 855g,Bakery,Bread,B773,2025-06-11,2025-07-01,111,20,15.01,103,Store4-Aisle19,10.7,40.2,4,True,False,C691,SUP204,7,262.87,True,2025-06-13,Store4,Aisle19
P1125,Rice 668g,Pantry,Rice,B216,2025-06-11,2025-06-26,181,47,10.3,77,Store3-Aisle20,9.7,59.6,2,False,False,"C732,C276,C933,C789",SUP822,7,96.26,True,2025-06-16,Store3,Aisle20
P1126,Cake 320g,Bakery,Cake,B344,2025-06-10,2025-06-26,39,25,8.09,53,Store5-Aisle13,10.5,46.9,7,False,True,"C750,C650,C810,C760",SUP277,5,58.39,False,2025-06-11,Store5,Aisle13
P1127,Cake 661g,Bakery,Cake,B734,2025-06-28,2025-07-06,101,50,1.18,5,Store2-Aisle13,24.1,65.3,8,False,False,"C827,C960,C554,C600",SUP271,1,173.97,True,2025-06-30,Store2,Aisle13
P1128,Cheese 430g,Dairy,Cheese,B650,2025-06-14,2025-06-30,53,44,9.69,69,Store5-Aisle17,2.8,45.7,9,False,True,"C659,C323,C535,C204",SUP853,7,199.56,True,2025-06-16,Store5,Aisle17
P1129,Cheese 469g,Dairy,Cheese,B456,2025-07-05,2025-07-14,122,47,19.89,137,Store2-Aisle19,17.2,83.1,10,False,True,"C903,C311",SUP933,2,243.58,False,2025-07-09,Store2,Aisle19
P1130,Veg Mix 751g,Frozen,Veg Mix,B272,2025-06-29,2025-07-16,190,29,6.5,44,Store5-Aisle4,3.4,77.5,7,True,False,"C818,C986",SUP235,2,52.41,False,2025-06-30,Store5,Aisle4
P1131,Crackers 345g,Snacks,Crackers,B691,2025-07-06,2025-08-02,78,40,8.87,64,Store1-Aisle3,10.1,77.5,6,False,False,"C695,C102,C989",SUP892,7,222.49,False,2025-07-11,Store1,Aisle3
P1132,Rice 747g,Pantry,Rice,B507,2025-06-19,2025-07-02,119,46,5.03,34,Store3-Aisle10,8.4,68.9,10,False,False,C147,SUP201,6,237.33,False,2025-06-19,Store3,Aisle10
P1133,Apple 651g,Produce,Apple,B567,2025-06-29,2025-07-06,119,26,19.92,136,Store3-Aisle6,21.9,83.8,2,False,False,C480,SUP780,6,58.0,False,2025-07-04,Store3,Aisle6
P1134,Veg Mix 916g,Frozen,Veg Mix,B873,2025-07-05,2025-07-19,119,40,2.73,15,Store1-Aisle7,11.9,46.6,4,False,True,C812,SUP451,7,44.97,False,2025-07-10,Store1,Aisle7
P1135,Cake 272g,Bakery,Cake,B334,2025-06-12,2025-07-01,32,43,16.31,110,Store3-Aisle12,22.0,46.9,3,True,True,C724,SUP765,2,137.63,True,2025-06-17,Store3,Aisle12
P1136,Cake 830g,Bakery,Cake,B803,2025-06-23,2025-07-14,65,22,18.04,123,Store1-Aisle19,18.3,57.6,7,False,True,"C383,C760",SUP186,2,170.49,False,2025-06-28,Store1,Aisle19
P1137,Yogurt 508g,Dairy,Yogurt,B310,2025-06-16,2025-07-09,165,36,4.58,33,Store3-Aisle2,19.6,79.7,4,False,False,C346,SUP611,6,182.24,True,2025-06-18,Store3,Aisle2
P1138,Rice 596g,Pantry,Rice,B981,2025-06-10,2025-07-05,117,31,11.38,76,Store4-Aisle3,0.4,43.4,5,True,True,C908,SUP507,5,93.08,False,2025-06-13,Store4,Aisle3
P1139,Chips 855g,Snacks,Chips,B649,2025-07-04,2025-07-28,167,24,6.27,42,Store1-Aisle17,23.0,88.7,3,False,False,C417,SUP815,4,221.69,True,2025-07-04,Store1,Aisle17
P1140,Chicken 644g,Meat,Chicken,B218,2025-06-24,2025-07-15,166,39,2.05,19,Store2-Aisle4,0.3,46.9,1,True,False,"C635,C629,C901",SUP942,6,85.18,False,2025-06-25,Store2,Aisle4
P1141,Veg Mix 320g,Frozen,Veg Mix,B889,2025-06-28,2025-07-05,95,45,9.16,67,Store1-Aisle9,17.8,68.8,2,False,False,"C156,C611,C979",SUP680,2,116.63,False,2025-06-28,Store1,Aisle9
P1142,Apple 958g,Produce,Apple,B621,2025-07-05,2025-07-12,21,47,17.4,119,Store1-Aisle16,9.1,86.0,3,True,False,"C429,C354",SUP526,6,102.78,True,2025-07-09,Store1,Aisle16
P1143,Rice 714g,Pantry,Rice,B789,2025-06-17,2025-06-25,55,27,16.28,108,Store4-Aisle3,21.9,83.3,5,False,True,"C108,C477,C305,C398",SUP677,7,98.13,True,2025-06-20,Store4,Aisle3
P1144,Flour 705g,Pantry,Flour,B891,2025-06-13,2025-06-26,197,48,11.38,77,Store2-Aisle1,23.3,41.2,9,False,True,"C101,C877,C773",SUP485,7,224.04,False,2025-06-13,Store2,Aisle1
P1145,Pork 443g,Meat,Pork,B529,2025-07-02,2025-07-24,25,24,14.52,97,Store1-Aisle8,22.4,66.0,6,False,True,C617,SUP236,6,247.79,True,2025-07-06,Store1,Aisle8
P1146,Cheese 878g,Dairy,Cheese,B233,2025-06-18,2025-07-02,84,28,17.17,121,Store3-Aisle11,11.3,51.7,4,True,True,"C208,C268",SUP560,4,101.07,True,2025-06-22,Store3,Aisle11
P1147,Rice 662g,Pantry,Rice,B415,2025-06-10,2025-07-01,77,47,3.28,19,Store3-Aisle20,1.0,81.8,6,True,True,"C464,C505",SUP625,1,206.38,False,2025-06-11,Store3,Aisle20
P1148,Cheese 663g,Dairy,Cheese,B669,2025-06-09,2025-07-09,150,27,2.8,15,Store2-Aisle4,0.3,81.5,4,True,True,"C481,C802,C745,C760",SUP186,5,179.97,True,2025-06-09,Store2,Aisle4
P1149,Apple 861g,Produce,Apple,B554,2025-06-15,2025-06-26,33,48,17.1,119,Store1-Aisle2,23.6,42.5,10,False,False,"C130,C491,C799,C536",SUP276,3,72.27,True,2025-06-17,Store1,Aisle2
P1150,Ice Cream 352g,Frozen,Ice Cream,B135,2025-06-23,2025-07-19,168,39,5.67,38,Store4-Aisle14,22.1,64.0,2,False,False,"C529,C304",SUP758,7,162.49,True,2025-06-26,Store4,Aisle14
P1151,Pasta 757g,Pantry,Pasta,B900,2025-06-27,2025-07-19,98,49,11.75,82,Store4-Aisle9,4.5,55.9,4,True,False,C928,SUP583,5,113.66,True,2025-06-28,Store4,Aisle9
P1152,Apple 872g,Produce,Apple,B346,2025-06-13,2025-06-28,146,46,16.03,107,Store2-Aisle19,21.2,79.9,6,True,True,"C706,C425",SUP925,6,212.31,True,2025-06-18,Store2,Aisle19
P1153,Flour 777g,Pantry,Flour,B245,2025-06-20,2025-07-15,58,46,19.77,140,Store5-Aisle10,4.4,41.9,1,True,True,C639,SUP589,1,106.2,True,2025-06-21,Store5,Aisle10
P1154,Flour 381g,Pantry,Flour,B921,2025-06-18,2025-07-05,25,20,3.81,23,Store1-Aisle17,21.5,88.0,6,False,True,"C409,C430,C239",SUP261,6,285.12,False,2025-06-23,Store1,Aisle17
P1155,Rice 924g,Pantry,Rice,B675,2025-06-27,2025-07-26,167,45,7.78,59,Store5-Aisle6,9.5,76.7,5,True,True,C818,SUP686,4,256.72,True,2025-06-28,Store5,Aisle6
P1156,Flour 426g,Pantry,Flour,B754,2025-07-06,2025-07-31,36,49,10.43,73,Store1-Aisle8,8.7,56.0,2,False,False,C371,SUP314,2,211.02,False,2025-07-08,Store1,Aisle8
P1157,Spinach 201g,Produce,Spinach,B149,2025-06-28,2025-07-17,122,43,8.97,59,Store4-Aisle16,22.0,57.6,7,True,False,"C266,C562",SUP175,7,255.27,False,2025-06-28,Store4,Aisle16
P1158,Pasta 307g,Pantry,Pasta,B175,2025-07-03,2025-07-20,53,48,8.13,52,Store5-Aisle3,8.4,89.3,8,True,False,"C721,C544",SUP260,1,39.36,True,2025-07-04,Store5,Aisle3
P1159,Granola Bar 767g,Snacks,Granola Bar,B839,2025-06-18,2025-07-18,148,28,13.55,93,Store2-Aisle4,1.2,68.6,8,True,True,"C103,C537,C189",SUP401,7,201.99,False,2025-06-19,Store2,Aisle4
P1160,Apple 411g,Produce,Apple,B274,2025-06-11,2025-07-08,84,22,10.0,66,Store3-Aisle13,11.8,84.7,5,True,False,"C479,C490",SUP478,2,139.27,False,2025-06-14,Store3,Aisle13
P1161,Soda 431g,Beverages,Soda,B957,2025-06-21,2025-07-06,154,21,3.87,32,Store1-Aisle3,16.7,80.4,7,True,True,"C938,C635,C528,C648",SUP803,7,281.54,True,2025-06-24,Store1,Aisle3
P1162,Frozen Pizza 604g,Frozen,Frozen Pizza,B974,2025-06-26,2025-07-25,18,36,11.85,85,Store5-Aisle20,3.7,87.5,8,True,True,"C927,C297",SUP229,1,132.78,False,2025-06-27,Store5,Aisle20
P1163,Muffin 464g,Bakery,Muffin,B427,2025-06-15,2025-07-15,27,22,8.37,59,Store5-Aisle11,21.4,66.0,1,False,True,"C253,C251,C680,C702",SUP696,7,289.8,True,2025-06-15,Store5,Aisle11
P1164,Banana 748g,Produce,Banana,B452,2025-06-12,2025-07-02,77,32,13.44,98,Store5-Aisle16,0.9,53.8,3,False,True,"C439,C807,C343,C150",SUP863,4,277.04,False,2025-06-12,Store5,Aisle16
P1165,Pasta 518g,Pantry,Pasta,B387,2025-06-19,2025-07-11,188,41,2.87,18,Store2-Aisle10,24.4,62.2,6,False,False,C292,SUP552,2,274.9,False,2025-06-24,Store2,Aisle10
P1166,Coffee 582g,Beverages,Coffee,B940,2025-06-11,2025-06-19,141,45,4.02,27,Store5-Aisle13,3.4,82.6,10,True,True,"C996,C952",SUP305,7,26.71,True,2025-06-14,Store5,Aisle13
P1167,Cheese 921g,Dairy,Cheese,B303,2025-06-11,2025-06-26,104,46,9.82,69,Store1-Aisle1,6.0,64.4,8,True,False,"C452,C267,C957",SUP364,6,250.95,True,2025-06-13,Store1,Aisle1
P1168,Cheese 250g,Dairy,Cheese,B266,2025-06-22,2025-07-17,64,47,5.21,34,Store2-Aisle9,16.3,65.7,1,False,True,"C715,C920",SUP108,2,83.19,False,2025-06-27,Store2,Aisle9
P1169,Ice Cream 585g,Frozen,Ice Cream,B972,2025-06-21,2025-07-09,127,28,5.15,35,Store5-Aisle20,9.9,45.1,9,False,False,"C800,C210,C593",SUP165,3,296.62,False,2025-06-23,Store5,Aisle20
P1170,Veg Mix 928g,Frozen,Veg Mix,B767,2025-06-10,2025-06-26,58,24,10.83,73,Store1-Aisle20,10.1,56.0,3,True,False,"C365,C528,C514",SUP497,6,20.24,True,2025-06-12,Store1,Aisle20
P1171,Pork 747g,Meat,Pork,B753,2025-06-26,2025-07-18,181,31,10.64,71,Store5-Aisle6,7.3,63.5,5,True,False,C327,SUP463,2,225.82,False,2025-06-29,Store5,Aisle6
P1172,Pasta 466g,Pantry,Pasta,B699,2025-06-12,2025-06-28,128,47,3.24,17,Store5-Aisle19,23.6,43.6,4,True,False,"C523,C155,C991",SUP974,2,49.84,True,2025-06-14,Store5,Aisle19
P1173,Granola Bar 668g,Snacks,Granola Bar,B246,2025-06-09,2025-06-26,193,25,15.8,112,Store3-Aisle6,7.8,42.9,8,False,True,"C690,C882",SUP262,4,237.71,True,2025-06-10,Store3,Aisle6
P1174,Granola Bar 639g,Snacks,Granola Bar,B513,2025-06-09,2025-06-29,132,32,1.09,10,Store2-Aisle12,23.8,84.6,9,True,True,C741,SUP851,2,75.62,False,2025-06-11,Store2,Aisle12
P1175,Bread 592g,Bakery,Bread,B615,2025-07-01,2025-07-26,88,25,2.24,10,Store3-Aisle10,11.4,66.0,9,False,False,"C450,C601",SUP467,7,64.64,False,2025-07-01,Store3,Aisle10
P1176,Chicken 944g,Meat,Chicken,B234,2025-06-18,2025-07-01,197,20,12.2,82,Store1-Aisle12,17.8,79.6,7,False,True,C777,SUP210,6,252.47,True,2025-06-23,Store1,Aisle12
P1177,Banana 654g,Produce,Banana,B489,2025-06-10,2025-06-20,150,28,10.01,67,Store2-Aisle1,7.5,73.1,9,False,True,"C950,C207,C623,C836",SUP732,1,91.98,True,2025-06-13,Store2,Aisle1
P1178,Pork 404g,Meat,Pork,B896,2025-07-04,2025-07-19,143,26,7.8,55,Store3-Aisle6,1.0,64.8,4,False,False,"C102,C113",SUP787,1,273.0,False,2025-07-05,Store3,Aisle6
P1179,Spinach 276g,Produce,Spinach,B840,2025-07-03,2025-08-02,35,48,5.86,39,Store4-Aisle10,6.6,42.5,3,True,False,"C920,C793,C420",SUP536,6,43.61,True,2025-07-03,Store4,Aisle10
P1180,Muffin 862g,Bakery,Muffin,B274,2025-06-11,2025-06-28,101,48,9.32,69,Store3-Aisle3,9.3,57.1,2,False,False,"C378,C955,C494,C806",SUP971,4,241.97,True,2025-06-11,Store3,Aisle3
P1181,Muffin 943g,Bakery,Muffin,B160,2025-06-09,2025-06-21,36,33,18.31,130,Store5-Aisle15,4.5,59.0,6,True,True,"C599,C215,C521,C551",SUP147,1,85.87,False,2025-06-09,Store5,Aisle15
P1182,Pork 546g,Meat,Pork,B631,2025-07-01,2025-07-24,186,42,12.75,90,Store2-Aisle16,8.6,73.8,7,True,True,C758,SUP260,5,256.17,False,2025-07-02,Store2,Aisle16
P1183,Banana 528g,Produce,Banana,B346,2025-06-19,2025-07-06,81,21,10.63,77,Store4-Aisle13,20.4,43.9,8,False,True,"C557,C423,C221,C609",SUP863,6,15.15,False,2025-06-22,Store4,Aisle13
P1184,Yogurt 762g,Dairy,Yogurt,B100,2025-06-29,2025-07-08,164,50,12.76,88,Store5-Aisle18,5.2,73.6,6,False,True,"C964,C565",SUP439,5,232.55,False,2025-07-04,Store5,Aisle18
P1185,Flour 663g,Pantry,Flour,B216,2025-06-08,2025-06-18,178,27,1.04,7,Store3-Aisle18,13.0,75.1,1,True,False,"C941,C834",SUP860,6,128.67,False,2025-06-12,Store3,Aisle18
P1186,Chicken 323g,Meat,Chicken,B972,2025-06-23,2025-07-12,65,34,16.67,114,Store3-Aisle4,18.9,42.3,10,True,False,"C774,C703,C616,C237",SUP610,1,163.81,True,2025-06-27,Store3,Aisle4
P1187,Granola Bar 694g,Snacks,Granola Bar,B620,2025-06-12,2025-06-24,187,38,4.3,27,Store1-Aisle13,16.4,70.3,6,False,False,"C380,C507",SUP451,3,141.33,True,2025-06-13,Store1,Aisle13
P1188,Granola Bar 916g,Snacks,Granola Bar,B866,2025-06-19,2025-07-12,86,46,14.33,100,Store5-Aisle7,5.0,71.2,5,False,True,"C615,C655",SUP810,6,103.49,True,2025-06-21,Store5,Aisle7
P1189,Coffee 784g,Beverages,Coffee,B783,2025-06-12,2025-07-11,116,41,15.21,109,Store3-Aisle14,20.2,66.1,1,False,True,C786,SUP157,2,87.42,True,2025-06-14,Store3,Aisle14
P1190,Frozen Pizza 263g,Frozen,Frozen Pizza,B807,2025-06-18,2025-07-04,62,44,11.28,78,Store4-Aisle4,15.4,73.8,9,True,False,"C623,C903",SUP915,7,211.88,True,2025-06-21,Store4,Aisle4
P1191,Crackers 901g,Snacks,Crackers,B420,2025-07-04,2025-07-28,23,20,15.13,103,Store5-Aisle15,20.7,85.6,6,True,True,"C559,C281,C799",SUP176,2,289.12,True,2025-07-07,Store5,Aisle15
P1192,Cheese 485g,Dairy,Cheese,B669,2025-06-20,2025-07-05,43,25,12.1,83,Store1-Aisle11,11.7,86.9,1,True,False,C892,SUP740,5,254.51,False,2025-06-23,Store1,Aisle11
P1193,Rice 924g,Pantry,Rice,B425,2025-06-25,2025-07-18,66,50,4.49,27,Store5-Aisle6,10.4,66.9,2,False,True,"C779,C439",SUP439,3,95.14,False,2025-06-29,Store5,Aisle6
P1194,Milk 884g,Dairy,Milk,B454,2025-07-03,2025-07-24,71,48,13.2,96,Store2-Aisle2,17.1,56.0,2,False,False,"C125,C629,C941",SUP888,3,159.15,False,2025-07-06,Store2,Aisle2
P1195,Cheese 867g,Dairy,Cheese,B297,2025-07-06,2025-07-23,141,22,19.02,130,Store5-Aisle18,0.2,43.3,4,False,True,"C650,C948",SUP819,6,234.81,True,2025-07-11,Store5,Aisle18
P1196,Bread 670g,Bakery,Bread,B834,2025-06-21,2025-07-08,19,22,2.39,13,Store3-Aisle18,1.8,81.1,5,False,False,"C745,C514,C543,C423",SUP117,4,205.26,True,2025-06-26,Store3,Aisle18
P1197,Spinach 799g,Produce,Spinach,B146,2025-06-17,2025-07-16,28,31,18.63,126,Store3-Aisle10,15.2,54.1,8,False,False,C585,SUP260,5,73.76,False,2025-06-21,Store3,Aisle10
P1198,Veg Mix 347g,Frozen,Veg Mix,B405,2025-06-10,2025-07-08,196,40,8.09,51,Store5-Aisle18,3.5,42.1,10,False,True,"C315,C866,C859",SUP843,3,71.4,True,2025-06-11,Store5,Aisle18
P1199,Bread 831g,Bakery,Bread,B954,2025-06-16,2025-07-01,59,23,4.45,35,Store1-Aisle18,11.5,67.5,5,True,False,C302,SUP843,5,151.29,False,2025-06-18,Store1,Aisle18
P1200,Muffin 871g,Bakery,Muffin,B340,2025-06-12,2025-06-22,82,39,2.33,14,Store3-Aisle16,11.3,70.8,5,True,False,"C538,C272,C104",SUP420,2,237.84,False,2025-06-14,Store3,Aisle16
P1201,Rice 895g,Pantry,Rice,B850,2025-06-28,2025-07-15,132,34,9.46,65,Store4-Aisle18,2.7,72.3,2,False,True,"C369,C851",SUP741,1,220.95,True,2025-07-02,Store4,Aisle18
P1202,Yogurt 792g,Dairy,Yogurt,B514,2025-06-27,2025-07-22,64,49,1.7,10,Store5-Aisle18,11.8,78.8,6,False,True,"C237,C575,C613",SUP622,1,125.07,True,2025-07-02,Store5,Aisle18
P1203,Pork 900g,Meat,Pork,B269,2025-06-25,2025-07-18,45,34,4.03,32,Store5-Aisle5,18.4,64.2,6,True,True,"C337,C164,C370,C478",SUP339,1,203.89,False,2025-06-28,Store5,Aisle5
P1204,Soda 247g,Beverages,Soda,B140,2025-07-04,2025-07-31,92,23,14.37,103,Store3-Aisle9,14.5,68.5,7,False,False,C629,SUP357,4,292.08,True,2025-07-08,Store3,Aisle9
P1205,Crackers 553g,Snacks,Crackers,B598,2025-06-21,2025-07-13,164,20,10.53,70,Store4-Aisle6,5.7,65.7,5,True,True,"C261,C470",SUP716,6,246.92,True,2025-06-24,Store4,Aisle6
P1206,Flour 316g,Pantry,Flour,B593,2025-06-16,2025-07-14,132,35,5.0,32,Store4-Aisle1,6.1,46.4,10,True,True,C686,SUP250,1,58.24,True,2025-06-20,Store4,Aisle1
P1207,Granola Bar 777g,Snacks,Granola Bar,B752,2025-06-25,2025-07-02,194,43,13.57,93,Store1-Aisle7,11.2,89.6,8,True,True,"C715,C246,C913,C696",SUP940,7,62.75,False,2025-06-26,Store1,Aisle7
P1208,Pasta 810g,Pantry,Pasta,B704,2025-06-24,2025-07-03,68,32,8.32,54,Store1-Aisle7,13.1,85.5,7,True,True,"C587,C729",SUP714,1,264.55,True,2025-06-24,Store1,Aisle7
P1209,Coffee 333g,Beverages,Coffee,B717,2025-06-27,2025-07-21,10,48,18.82,136,Store4-Aisle17,10.5,83.7,9,False,True,"C908,C887,C490,C458",SUP703,7,225.0,True,2025-06-30,Store4,Aisle17
P1210,Cake 688g,Bakery,Cake,B884,2025-07-05,2025-07-19,31,29,12.37,89,Store4-Aisle9,4.7,75.5,1,True,True,"C770,C310,C804,C923",SUP423,4,115.06,True,2025-07-08,Store4,Aisle9
P1211,Ice Cream 748g,Frozen,Ice Cream,B533,2025-06-23,2025-07-18,103,39,6.24,48,Store4-Aisle7,10.3,79.2,8,True,False,"C359,C414,C691,C452",SUP892,6,125.46,True,2025-06-28,Store4,Aisle7
P1212,Spinach 435g,Produce,Spinach,B557,2025-07-05,2025-08-03,51,23,5.07,36,Store3-Aisle18,15.4,74.2,1,True,False,C923,SUP193,7,52.15,False,2025-07-05,Store3,Aisle18
P1213,Banana 427g,Produce,Banana,B479,2025-06-12,2025-06-21,165,21,14.77,104,Store5-Aisle17,7.2,88.2,1,True,False,"C110,C306,C970,C772",SUP923,5,92.94,True,2025-06-16,Store5,Aisle17
P1214,Pork 373g,Meat,Pork,B790,2025-06-24,2025-07-02,102,27,13.45,91,Store1-Aisle9,19.5,57.7,7,False,True,C854,SUP820,1,276.56,False,2025-06-29,Store1,Aisle9
P1215,Pasta 483g,Pantry,Pasta,B331,2025-06-17,2025-07-13,59,34,18.66,134,Store1-Aisle9,4.4,65.3,9,True,False,"C219,C922,C625",SUP363,5,245.81,False,2025-06-22,Store1,Aisle9
P1216,Soda 776g,Beverages,Soda,B595,2025-06-10,2025-06-24,96,50,15.74,115,Store4-Aisle19,21.6,64.1,5,True,False,"C793,C818",SUP335,7,101.56,False,2025-06-14,Store4,Aisle19
P1217,Yogurt 469g,Dairy,Yogurt,B354,2025-07-05,2025-07-21,33,32,13.8,96,Store1-Aisle18,23.3,63.8,6,True,False,"C864,C799",SUP294,4,223.76,True,2025-07-10,Store1,Aisle18
P1218,Beef 411g,Meat,Beef,B334,2025-06-30,2025-07-13,73,46,12.75,86,Store1-Aisle4,23.0,73.8,8,True,True,"C480,C735,C422,C604",SUP688,7,89.67,True,2025-07-04,Store1,Aisle4
P1219,Ice Cream 427g,Frozen,Ice Cream,B868,2025-07-05,2025-07-30,42,21,10.99,77,Store4-Aisle18,0.8,57.4,3,False,True,"C423,C805,C108,C112",SUP790,2,120.03,True,2025-07-07,Store4,Aisle18
P1220,Flour 465g,Pantry,Flour,B291,2025-06-09,2025-07-03,77,27,6.12,46,Store3-Aisle12,4.6,61.2,7,False,False,"C386,C561,C284,C685",SUP234,5,208.94,True,2025-06-14,Store3,Aisle12
P1221,Frozen Pizza 768g,Frozen,Frozen Pizza,B542,2025-06-15,2025-07-04,60,24,16.2,110,Store4-Aisle1,4.4,65.0,9,False,False,"C356,C675,C979",SUP681,1,125.54,True,2025-06-15,Store4,Aisle1
P1222,Beef 687g,Meat,Beef,B959,2025-06-11,2025-07-08,34,34,15.15,105,Store3-Aisle12,14.0,86.6,5,False,True,"C224,C459,C988,C795",SUP720,2,177.29,True,2025-06-13,Store3,Aisle12
P1223,Pasta 889g,Pantry,Pasta,B622,2025-07-01,2025-07-23,198,34,17.9,126,Store5-Aisle10,11.6,87.8,3,False,False,"C969,C173,C181,C265",SUP451,2,100.91,False,2025-07-06,Store5,Aisle10
P1224,Veg Mix 860g,Frozen,Veg Mix,B504,2025-06-23,2025-07-08,123,44,17.39,121,Store5-Aisle17,24.1,60.7,3,True,True,"C777,C357",SUP861,6,227.42,True,2025-06-24,Store5,Aisle17
P1225,Chips 297g,Snacks,Chips,B165,2025-07-05,2025-07-27,150,21,1.5,11,Store5-Aisle3,2.6,70.9,2,False,False,"C353,C855",SUP390,4,191.68,True,2025-07-09,Store5,Aisle3
P1226,Bread 235g,Bakery,Bread,B779,2025-06-09,2025-06-27,93,47,10.05,73,Store3-Aisle18,11.1,88.5,9,True,False,"C636,C755,C754,C646",SUP417,3,149.68,True,2025-06-09,Store3,Aisle18
P1227,Soda 574g,Beverages,Soda,B522,2025-06-12,2025-06-27,49,29,1.2,11,Store2-Aisle12,7.2,66.8,8,False,False,C884,SUP540,7,94.95,True,2025-06-12,Store2,Aisle12
P1228,Rice 621g,Pantry,Rice,B674,2025-06-10,2025-06-30,111,27,4.1,33,Store4-Aisle13,5.5,44.0,4,False,False,"C522,C292,C973",SUP170,2,49.62,True,2025-06-15,Store4,Aisle13
P1229,Coffee 663g,Beverages,Coffee,B378,2025-07-03,2025-08-01,169,35,4.57,26,Store2-Aisle2,24.2,41.1,2,False,False,"C832,C548",SUP844,1,77.52,True,2025-07-03,Store2,Aisle2
P1230,Juice 550g,Beverages,Juice,B530,2025-06-30,2025-07-16,137,31,9.81,63,Store3-Aisle3,21.1,87.6,1,False,False,C656,SUP581,2,65.74,False,2025-07-03,Store3,Aisle3
P1231,Milk 986g,Dairy,Milk,B831,2025-06-28,2025-07-12,108,44,19.52,134,Store1-Aisle7,11.5,78.5,9,True,False,"C797,C419,C430,C262",SUP744,6,22.23,True,2025-06-30,Store1,Aisle7
P1232,Coffee 505g,Beverages,Coffee,B303,2025-06-13,2025-07-01,23,47,13.67,91,Store2-Aisle14,8.1,48.4,5,True,False,"C109,C143",SUP695,7,210.32,True,2025-06-15,Store2,Aisle14
P1233,Apple 361g,Produce,Apple,B611,2025-06-16,2025-06-25,185,39,7.43,57,Store1-Aisle2,8.9,47.7,9,True,True,"C338,C424,C671,C907",SUP760,7,110.72,False,2025-06-21,Store1,Aisle2
P1234,Chicken 905g,Meat,Chicken,B486,2025-07-05,2025-07-23,195,24,5.76,35,Store4-Aisle15,14.0,67.1,8,True,True,"C431,C849,C579",SUP381,7,251.09,True,2025-07-05,Store4,Aisle15
P1235,Cake 502g,Bakery,Cake,B939,2025-06-26,2025-07-11,148,31,9.63,72,Store5-Aisle13,18.3,84.1,10,False,True,"C838,C164,C774",SUP651,7,122.37,False,2025-06-30,Store5,Aisle13
P1236,Muffin 489g,Bakery,Muffin,B430,2025-06-21,2025-07-11,174,30,3.1,24,Store1-Aisle2,20.9,46.5,1,True,True,"C296,C201,C132,C684",SUP757,7,122.69,False,2025-06-25,Store1,Aisle2
P1237,Frozen Pizza 575g,Frozen,Frozen Pizza,B326,2025-07-03,2025-07-29,193,22,1.25,6,Store4-Aisle3,11.7,71.9,6,False,False,C943,SUP731,3,163.42,True,2025-07-05,Store4,Aisle3
P1238,Apple 731g,Produce,Apple,B199,2025-06-20,2025-06-30,195,27,11.1,75,Store2-Aisle17,16.4,68.5,3,False,True,"C790,C569,C819",SUP781,4,266.02,True,2025-06-21,Store2,Aisle17
P1239,Granola Bar 545g,Snacks,Granola Bar,B773,2025-06-09,2025-06-21,146,39,9.42,65,Store3-Aisle18,24.8,56.2,6,False,False,"C723,C346,C676",SUP658,2,118.77,False,2025-06-11,Store3,Aisle18
P1240,Soda 606g,Beverages,Soda,B100,2025-06-17,2025-07-17,18,29,12.32,89,Store2-Aisle10,0.2,89.2,4,False,True,"C666,C623,C669",SUP684,5,54.87,True,2025-06-20,Store2,Aisle10
P1241,Rice 341g,Pantry,Rice,B371,2025-06-21,2025-07-09,159,27,5.43,37,Store1-Aisle19,10.0,85.9,2,False,False,"C599,C945",SUP806,6,177.11,True,2025-06-25,Store1,Aisle19
P1242,Frozen Pizza 948g,Frozen,Frozen Pizza,B927,2025-06-19,2025-07-14,107,22,15.82,110,Store3-Aisle14,10.4,83.4,4,True,False,C412,SUP636,1,102.6,True,2025-06-21,Store3,Aisle14
P1243,Chicken 251g,Meat,Chicken,B789,2025-06-22,2025-07-22,110,34,15.3,111,Store5-Aisle3,5.6,54.5,7,True,True,"C184,C587,C685",SUP863,1,168.96,False,2025-06-22,Store5,Aisle3
P1244,Granola Bar 644g,Snacks,Granola Bar,B892,2025-07-03,2025-08-01,43,44,3.56,27,Store2-Aisle16,9.9,68.6,9,True,True,C372,SUP895,4,103.79,True,2025-07-03,Store2,Aisle16
P1245,Crackers 574g,Snacks,Crackers,B456,2025-06-21,2025-07-04,92,31,12.28,80,Store3-Aisle6,24.7,70.8,8,True,False,C937,SUP339,2,208.75,True,2025-06-26,Store3,Aisle6
P1246,Apple 957g,Produce,Apple,B155,2025-06-18,2025-07-02,168,49,3.81,25,Store1-Aisle11,17.3,45.6,8,False,True,"C314,C857,C650",SUP316,2,168.46,False,2025-06-22,Store1,Aisle11
P1247,Coffee 947g,Beverages,Coffee,B244,2025-07-03,2025-08-01,188,41,1.35,13,Store5-Aisle2,6.4,43.0,4,False,True,"C770,C108,C168,C497",SUP776,3,202.26,False,2025-07-03,Store5,Aisle2
P1248,Cheese 864g,Dairy,Cheese,B495,2025-07-03,2025-07-17,107,36,19.56,132,Store3-Aisle16,21.7,66.6,3,True,False,C140,SUP353,5,98.43,False,2025-07-06,Store3,Aisle16
P1249,Bread 555g,Bakery,Bread,B800,2025-06-14,2025-07-02,100,40,6.74,50,Store3-Aisle2,15.6,83.9,1,False,True,"C449,C502",SUP772,2,35.46,False,2025-06-18,Store3,Aisle2
P1250,Beef 446g,Meat,Beef,B686,2025-06-13,2025-06-24,119,29,18.28,127,Store4-Aisle18,3.3,72.6,10,True,True,"C805,C822,C636",SUP238,4,298.75,True,2025-06-18,Store4,Aisle18
P1251,Cake 269g,Bakery,Cake,B670,2025-07-04,2025-07-28,194,23,4.5,28,Store1-Aisle11,22.0,60.7,7,False,False,"C255,C897,C292",SUP209,2,63.58,False,2025-07-08,Store1,Aisle11
P1252,Pork 437g,Meat,Pork,B336,2025-06-22,2025-07-20,16,31,2.51,19,Store2-Aisle17,21.2,63.4,6,True,False,"C585,C240,C267,C297",SUP331,1,128.49,True,2025-06-24,Store2,Aisle17
P1253,Chips 960g,Snacks,Chips,B787,2025-06-18,2025-07-01,62,22,4.36,32,Store5-Aisle16,17.2,83.3,4,False,False,C722,SUP852,7,120.31,False,2025-06-21,Store5,Aisle16
P1254,Yogurt 311g,Dairy,Yogurt,B562,2025-06-24,2025-07-15,20,48,19.92,142,Store5-Aisle13,24.6,42.0,7,True,True,"C550,C507,C411",SUP892,7,92.92,True,2025-06-27,Store5,Aisle13
P1255,Veg Mix 255g,Frozen,Veg Mix,B806,2025-06-26,2025-07-19,46,34,16.77,119,Store1-Aisle17,2.8,78.9,9,True,False,"C431,C561,C125,C283",SUP564,5,270.02,True,2025-06-29,Store1,Aisle17
P1256,Banana 531g,Produce,Banana,B808,2025-07-04,2025-07-31,192,45,4.12,24,Store1-Aisle4,17.7,71.7,2,False,True,"C663,C489,C144,C886",SUP274,3,173.99,True,2025-07-05,Store1,Aisle4
P1257,Bread 987g,Bakery,Bread,B829,2025-06-20,2025-06-28,117,29,6.88,50,Store3-Aisle6,2.9,46.6,4,True,False,C569,SUP609,7,154.61,True,2025-06-24,Store3,Aisle6
P1258,Juice 422g,Beverages,Juice,B702,2025-06-12,2025-07-10,131,34,8.79,57,Store5-Aisle20,0.2,84.1,5,True,True,"C251,C156",SUP768,3,20.65,True,2025-06-17,Store5,Aisle20
P1259,Ice Cream 289g,Frozen,Ice Cream,B150,2025-06-23,2025-07-03,116,25,4.07,27,Store5-Aisle20,14.3,68.1,8,False,True,C886,SUP406,3,116.89,False,2025-06-23,Store5,Aisle20
P1260,Granola Bar 266g,Snacks,Granola Bar,B399,2025-07-05,2025-07-27,44,23,14.2,98,Store3-Aisle17,10.3,50.5,4,True,True,C595,SUP841,6,185.39,False,2025-07-08,Store3,Aisle17
P1261,Pasta 738g,Pantry,Pasta,B688,2025-06-12,2025-07-08,100,49,3.46,28,Store4-Aisle17,18.2,64.9,3,True,False,"C101,C221",SUP124,4,191.38,True,2025-06-17,Store4,Aisle17
P1262,Pork 624g,Meat,Pork,B523,2025-06-20,2025-06-28,95,31,11.65,86,Store2-Aisle1,16.0,74.5,5,True,False,"C618,C663,C431",SUP885,1,43.01,False,2025-06-22,Store2,Aisle1
P1263,Granola Bar 782g,Snacks,Granola Bar,B730,2025-06-12,2025-06-19,54,26,7.28,50,Store4-Aisle16,19.9,72.3,8,True,False,"C573,C902,C933",SUP523,6,26.25,False,2025-06-16,Store4,Aisle16
P1264,Flour 748g,Pantry,Flour,B119,2025-06-15,2025-06-28,157,41,7.3,51,Store1-Aisle5,7.0,41.6,7,True,False,"C709,C219",SUP985,7,227.95,False,2025-06-20,Store1,Aisle5
P1265,Cheese 623g,Dairy,Cheese,B188,2025-07-02,2025-07-24,70,31,9.59,66,Store2-Aisle17,7.6,45.6,1,True,True,"C618,C125,C918,C594",SUP612,2,65.16,False,2025-07-07,Store2,Aisle17
P1266,Ice Cream 346g,Frozen,Ice Cream,B887,2025-06-12,2025-06-22,142,41,19.86,137,Store1-Aisle15,9.7,83.2,2,True,False,C803,SUP968,5,262.84,False,2025-06-15,Store1,Aisle15
P1267,Milk 733g,Dairy,Milk,B884,2025-07-05,2025-08-02,200,29,1.43,9,Store2-Aisle11,5.0,54.3,9,False,False,C379,SUP252,2,89.35,True,2025-07-09,Store2,Aisle11
P1268,Apple 755g,Produce,Apple,B458,2025-06-13,2025-07-07,91,28,3.69,24,Store5-Aisle8,4.3,55.6,6,False,True,"C129,C582",SUP791,1,40.72,True,2025-06-13,Store5,Aisle8
P1269,Crackers 383g,Snacks,Crackers,B821,2025-07-04,2025-07-30,161,40,16.89,120,Store5-Aisle12,7.8,80.9,9,True,False,"C195,C932",SUP921,6,145.8,False,2025-07-06,Store5,Aisle12
P1270,Soda 437g,Beverages,Soda,B329,2025-06-28,2025-07-09,167,28,18.34,129,Store2-Aisle11,19.7,84.1,8,False,True,C586,SUP215,3,148.81,True,2025-06-30,Store2,Aisle11
P1271,Flour 788g,Pantry,Flour,B230,2025-07-04,2025-07-27,36,32,16.53,111,Store3-Aisle18,16.2,79.6,9,False,False,"C344,C735,C349,C661",SUP262,4,121.31,False,2025-07-05,Store3,Aisle18
P1272,Crackers 780g,Snacks,Crackers,B906,2025-06-27,2025-07-14,149,42,5.49,43,Store1-Aisle19,20.9,45.7,10,False,False,C941,SUP555,2,99.33,False,2025-06-27,Store1,Aisle19
P1273,Spinach 810g,Produce,Spinach,B889,2025-06-26,2025-07-15,93,35,13.25,87,Store1-Aisle7,20.4,84.4,1,True,True,"C644,C398,C499,C730",SUP691,4,66.74,False,2025-06-28,Store1,Aisle7
P1274,Ice Cream 935g,Frozen,Ice Cream,B452,2025-06-10,2025-06-19,159,20,12.62,91,Store4-Aisle5,21.3,43.1,9,True,True,"C212,C981,C388",SUP986,1,78.22,False,2025-06-15,Store4,Aisle5
P1275,Flour 591g,Pantry,Flour,B515,2025-06-23,2025-07-12,121,37,5.01,32,Store4-Aisle5,4.7,59.2,6,False,True,"C993,C786,C228",SUP237,1,30.81,True,2025-06-24,Store4,Aisle5
P1276,Coffee 647g,Beverages,Coffee,B239,2025-06-08,2025-06-17,45,40,16.31,116,Store5-Aisle14,15.6,62.7,7,False,False,"C331,C290,C534",SUP719,1,177.6,True,2025-06-13,Store5,Aisle14
P1277,Ice Cream 759g,Frozen,Ice Cream,B690,2025-06-09,2025-06-27,18,21,11.79,82,Store1-Aisle19,12.0,74.5,3,False,False,C635,SUP724,1,81.12,True,2025-06-14,Store1,Aisle19
P1278,Veg Mix 254g,Frozen,Veg Mix,B451,2025-06-17,2025-07-11,12,35,9.63,69,Store5-Aisle11,10.5,88.0,5,False,True,C811,SUP711,6,98.18,False,2025-06-17,Store5,Aisle11
P1279,Coffee 373g,Beverages,Coffee,B686,2025-07-05,2025-07-13,178,29,16.37,118,Store1-Aisle10,12.1,46.3,2,False,False,"C730,C387",SUP381,7,84.52,True,2025-07-09,Store1,Aisle10
P1280,Muffin 956g,Bakery,Muffin,B254,2025-06-28,2025-07-26,124,31,16.35,113,Store2-Aisle16,4.5,66.4,1,False,True,"C709,C941",SUP257,7,153.82,False,2025-07-01,Store2,Aisle16
P1281,Pork 650g,Meat,Pork,B843,2025-06-30,2025-07-27,52,26,11.98,83,Store1-Aisle9,18.9,45.8,3,False,False,"C408,C587,C864,C870",SUP645,2,120.14,False,2025-07-03,Store1,Aisle9
P1282,Frozen Pizza 743g,Frozen,Frozen Pizza,B991,2025-06-30,2025-07-20,13,29,18.62,132,Store4-Aisle11,24.0,74.1,1,True,False,"C725,C767,C978,C379",SUP443,3,87.46,True,2025-07-02,Store4,Aisle11
P1283,Crackers 991g,Snacks,Crackers,B791,2025-06-14,2025-07-14,71,43,13.77,94,Store5-Aisle11,16.9,89.7,6,True,True,C112,SUP521,1,162.33,False,2025-06-16,Store5,Aisle11
P1284,Pork 490g,Meat,Pork,B357,2025-06-11,2025-06-24,18,20,12.77,84,Store5-Aisle7,23.8,71.9,2,True,True,"C772,C882,C763,C679",SUP922,2,269.84,True,2025-06-13,Store5,Aisle7
P1285,Ice Cream 876g,Frozen,Ice Cream,B177,2025-06-27,2025-07-24,126,49,19.91,140,Store3-Aisle9,4.0,43.7,1,False,False,"C161,C364,C932",SUP371,2,137.77,False,2025-06-28,Store3,Aisle9
P1286,Chips 860g,Snacks,Chips,B603,2025-06-21,2025-07-01,46,37,15.61,107,Store5-Aisle4,22.8,75.8,2,True,True,C685,SUP845,3,235.4,True,2025-06-24,Store5,Aisle4
P1287,Muffin 855g,Bakery,Muffin,B100,2025-06-15,2025-06-23,180,32,6.06,42,Store4-Aisle19,0.1,75.4,8,False,False,"C964,C845,C899,C931",SUP904,1,166.64,True,2025-06-18,Store4,Aisle19
P1288,Juice 780g,Beverages,Juice,B648,2025-07-06,2025-07-24,95,41,6.75,42,Store1-Aisle12,13.4,88.0,2,False,False,"C280,C667",SUP140,4,201.61,False,2025-07-11,Store1,Aisle12
P1289,Chips 845g,Snacks,Chips,B805,2025-06-22,2025-07-10,134,22,17.82,126,Store2-Aisle5,0.9,41.3,10,True,False,"C164,C911,C653,C758",SUP415,4,164.84,False,2025-06-22,Store2,Aisle5
P1290,Cheese 257g,Dairy,Cheese,B445,2025-06-27,2025-07-27,20,32,3.25,27,Store5-Aisle15,23.5,83.5,9,True,True,C137,SUP853,2,151.78,True,2025-06-30,Store5,Aisle15
P1291,Milk 918g,Dairy,Milk,B764,2025-06-22,2025-07-03,13,25,13.02,90,Store1-Aisle15,15.3,81.8,2,True,True,"C709,C918,C730,C325",SUP164,7,68.77,False,2025-06-27,Store1,Aisle15
P1292,Crackers 323g,Snacks,Crackers,B800,2025-06-30,2025-07-25,149,24,7.11,47,Store1-Aisle19,4.3,43.2,5,True,False,"C813,C478",SUP666,2,137.21,True,2025-07-01,Store1,Aisle19
P1293,Spinach 827g,Produce,Spinach,B485,2025-06-08,2025-06-20,14,48,10.25,66,Store1-Aisle6,23.2,75.3,10,False,False,"C808,C229,C311,C246",SUP755,3,161.7,False,2025-06-09,Store1,Aisle6
P1294,Muffin 908g,Bakery,Muffin,B138,2025-06-20,2025-07-16,56,42,10.5,69,Store3-Aisle12,10.5,67.9,4,True,True,"C983,C879,C652",SUP619,2,144.62,True,2025-06-22,Store3,Aisle12
P1295,Milk 315g,Dairy,Milk,B915,2025-07-03,2025-07-14,185,47,19.4,137,Store4-Aisle6,4.0,86.1,1,False,False,"C545,C357",SUP442,5,243.49,False,2025-07-03,Store4,Aisle6
P1296,Spinach 253g,Produce,Spinach,B650,2025-06-28,2025-07-10,50,45,1.55,13,Store1-Aisle3,22.4,76.1,10,False,False,"C865,C793",SUP433,2,235.9,False,2025-06-29,Store1,Aisle3
P1297,Apple 955g,Produce,Apple,B522,2025-06-12,2025-06-25,106,48,5.19,38,Store5-Aisle16,1.4,61.8,4,False,True,"C482,C239,C568,C837",SUP298,6,113.99,False,2025-06-13,Store5,Aisle16
P1298,Rice 232g,Pantry,Rice,B808,2025-06-10,2025-07-05,25,28,3.59,27,Store4-Aisle14,4.3,57.2,5,True,True,"C188,C521",SUP977,5,151.87,True,2025-06-14,Store4,Aisle14
P1299,Soda 485g,Beverages,Soda,B114,2025-06-16,2025-07-16,119,43,17.58,121,Store3-Aisle14,14.5,84.6,10,True,True,"C145,C141,C581,C851",SUP887,5,19.75,False,2025-06-19,Store3,Aisle14
P1300,Banana 707g,Produce,Banana,B346,2025-07-05,2025-07-14,152,44,1.24,9,Store2-Aisle5,9.0,52.0,2,True,False,"C265,C820,C570",SUP978,5,226.71,True,2025-07-08,Store2,Aisle5
P1301,Juice 920g,Beverages,Juice,B515,2025-06-20,2025-07-02,104,40,9.82,73,Store1-Aisle3,9.6,74.5,9,True,False,"C870,C376,C814,C727",SUP655,5,240.4,True,2025-06-24,Store1,Aisle3
P1302,Flour 256g,Pantry,Flour,B627,2025-07-04,2025-08-01,103,48,1.98,14,Store3-Aisle15,15.5,58.3,3,True,True,"C442,C344",SUP652,1,198.22,True,2025-07-09,Store3,Aisle15
P1303,Beef 561g,Meat,Beef,B373,2025-06-28,2025-07-21,184,33,6.27,39,Store3-Aisle12,11.3,65.1,2,False,False,"C735,C476,C919,C789",SUP809,7,293.64,True,2025-06-29,Store3,Aisle12
P1304,Juice 282g,Beverages,Juice,B500,2025-06-18,2025-06-30,83,50,19.18,130,Store2-Aisle9,2.8,47.4,3,True,True,"C526,C798,C654",SUP235,4,110.54,False,2025-06-23,Store2,Aisle9
P1305,Cheese 393g,Dairy,Cheese,B164,2025-06-25,2025-07-02,69,46,19.0,138,Store3-Aisle14,14.5,72.8,6,False,False,"C411,C680,C235,C908",SUP413,2,238.89,True,2025-06-28,Store3,Aisle14
P1306,Pasta 988g,Pantry,Pasta,B965,2025-06-25,2025-07-03,47,31,6.4,41,Store5-Aisle6,17.8,54.3,3,True,True,"C219,C142",SUP424,5,46.68,False,2025-06-27,Store5,Aisle6
P1307,Bread 775g,Bakery,Bread,B824,2025-06-09,2025-06-17,180,30,19.58,134,Store3-Aisle15,13.5,48.1,5,True,True,"C611,C886,C248,C569",SUP427,2,11.25,False,2025-06-14,Store3,Aisle15
P1308,Ice Cream 496g,Frozen,Ice Cream,B872,2025-06-10,2025-07-05,180,24,16.19,115,Store3-Aisle4,18.3,85.0,3,True,False,C511,SUP732,7,73.91,False,2025-06-10,Store3,Aisle4
P1309,Rice 822g,Pantry,Rice,B756,2025-06-22,2025-07-05,159,36,5.22,35,Store2-Aisle1,2.1,82.5,2,False,True,"C425,C717,C719,C623",SUP157,6,114.71,True,2025-06-27,Store2,Aisle1
P1310,Crackers 595g,Snacks,Crackers,B481,2025-07-03,2025-07-10,82,31,7.68,55,Store5-Aisle3,5.4,84.4,7,False,False,"C925,C845",SUP534,6,269.96,True,2025-07-07,Store5,Aisle3
P1311,Apple 412g,Produce,Apple,B410,2025-06-11,2025-07-03,144,30,2.26,19,Store4-Aisle3,0.2,71.9,5,False,True,"C827,C681,C873,C240",SUP304,2,251.36,False,2025-06-15,Store4,Aisle3
P1312,Juice 509g,Beverages,Juice,B954,2025-06-09,2025-07-04,87,35,11.63,83,Store2-Aisle1,19.8,47.7,5,False,True,"C527,C283,C603",SUP804,6,80.98,True,2025-06-11,Store2,Aisle1
P1313,Juice 813g,Beverages,Juice,B863,2025-06-19,2025-07-07,158,35,11.75,81,Store4-Aisle4,9.3,76.6,1,False,True,C249,SUP427,4,264.71,True,2025-06-21,Store4,Aisle4
P1314,Bread 479g,Bakery,Bread,B469,2025-06-25,2025-07-15,172,49,19.15,129,Store3-Aisle10,13.2,86.8,9,True,True,C713,SUP870,2,167.68,False,2025-06-30,Store3,Aisle10
P1315,Ice Cream 901g,Frozen,Ice Cream,B814,2025-07-02,2025-07-31,102,23,11.15,78,Store2-Aisle1,3.4,54.1,8,False,False,"C204,C323",SUP258,5,74.12,True,2025-07-06,Store2,Aisle1
P1316,Banana 671g,Produce,Banana,B178,2025-06-22,2025-07-02,43,49,1.33,9,Store3-Aisle12,3.5,62.1,10,False,True,"C129,C862,C934",SUP221,2,47.33,True,2025-06-27,Store3,Aisle12
P1317,Beef 328g,Meat,Beef,B314,2025-06-14,2025-06-25,30,33,14.13,94,Store1-Aisle1,19.4,77.9,1,True,True,C912,SUP775,5,182.02,False,2025-06-14,Store1,Aisle1
P1318,Frozen Pizza 267g,Frozen,Frozen Pizza,B408,2025-06-18,2025-07-16,12,44,2.83,15,Store5-Aisle7,14.7,50.0,6,True,True,"C966,C864",SUP384,5,110.87,True,2025-06-22,Store5,Aisle7
P1319,Pork 783g,Meat,Pork,B169,2025-06-22,2025-07-02,158,44,1.27,6,Store2-Aisle10,4.3,77.7,1,True,True,"C475,C814,C703,C289",SUP550,6,287.75,True,2025-06-24,Store2,Aisle10
P1320,Crackers 419g,Snacks,Crackers,B626,2025-06-17,2025-07-01,114,23,15.47,108,Store1-Aisle15,2.8,46.8,6,False,True,C435,SUP605,1,121.59,False,2025-06-21,Store1,Aisle15
P1321,Veg Mix 654g,Frozen,Veg Mix,B331,2025-06-24,2025-07-18,114,29,19.71,138,Store2-Aisle3,22.4,80.1,6,True,True,"C788,C207,C505,C548",SUP635,6,206.19,True,2025-06-25,Store2,Aisle3
P1322,Crackers 911g,Snacks,Crackers,B704,2025-07-04,2025-07-14,199,49,17.96,122,Store1-Aisle12,24.4,56.9,10,False,True,"C958,C534",SUP842,4,90.77,False,2025-07-09,Store1,Aisle12
P1323,Crackers 687g,Snacks,Crackers,B782,2025-06-23,2025-07-19,113,35,10.72,72,Store4-Aisle4,3.1,64.5,4,True,True,C855,SUP154,7,29.79,True,2025-06-24,Store4,Aisle4
P1324,Granola Bar 895g,Snacks,Granola Bar,B434,2025-07-03,2025-07-14,87,39,12.84,85,Store5-Aisle16,19.8,50.1,8,False,False,"C928,C980,C653",SUP659,1,286.25,True,2025-07-06,Store5,Aisle16
P1325,Banana 660g,Produce,Banana,B422,2025-06-24,2025-07-13,123,34,1.68,8,Store5-Aisle10,22.1,48.2,7,True,False,"C599,C882,C212,C682",SUP791,4,201.42,False,2025-06-27,Store5,Aisle10
P1326,Muffin 257g,Bakery,Muffin,B500,2025-07-05,2025-07-20,136,38,19.45,140,Store3-Aisle10,8.0,41.4,1,True,False,"C928,C859,C697",SUP127,7,268.49,False,2025-07-08,Store3,Aisle10
P1327,Banana 553g,Produce,Banana,B465,2025-06-26,2025-07-16,99,21,13.56,92,Store2-Aisle10,14.8,85.5,2,False,True,"C273,C120,C651",SUP433,1,143.66,False,2025-06-30,Store2,Aisle10
P1328,Crackers 220g,Snacks,Crackers,B812,2025-06-28,2025-07-20,160,20,19.73,139,Store5-Aisle13,8.1,44.9,8,True,True,"C608,C614,C930",SUP883,6,108.47,False,2025-06-30,Store5,Aisle13
P1329,Chips 708g,Snacks,Chips,B750,2025-06-08,2025-06-17,147,26,6.46,40,Store3-Aisle19,10.1,51.3,2,True,False,"C168,C680,C920",SUP643,4,133.86,False,2025-06-08,Store3,Aisle19
P1330,Veg Mix 507g,Frozen,Veg Mix,B543,2025-06-25,2025-07-23,148,30,4.8,34,Store3-Aisle20,12.9,73.6,9,True,True,"C690,C611",SUP318,6,289.01,False,2025-06-27,Store3,Aisle20
P1331,Granola Bar 944g,Snacks,Granola Bar,B741,2025-06-10,2025-06-18,143,26,7.92,52,Store2-Aisle5,18.7,78.3,7,False,False,C749,SUP308,7,129.61,False,2025-06-15,Store2,Aisle5
P1332,Cake 903g,Bakery,Cake,B715,2025-06-17,2025-07-01,113,27,3.16,20,Store1-Aisle8,19.9,55.5,8,False,False,C306,SUP263,3,49.56,False,2025-06-19,Store1,Aisle8
P1333,Muffin 243g,Bakery,Muffin,B839,2025-07-04,2025-07-26,15,21,17.33,117,Store3-Aisle20,7.4,43.2,7,False,True,"C959,C841,C962,C243",SUP341,1,175.58,True,2025-07-08,Store3,Aisle20
P1334,Ice Cream 292g,Frozen,Ice Cream,B343,2025-06-28,2025-07-24,41,44,16.33,114,Store5-Aisle13,20.1,77.2,7,True,True,C279,SUP319,3,137.45,False,2025-07-02,Store5,Aisle13
P1335,Cheese 746g,Dairy,Cheese,B483,2025-06-10,2025-07-09,38,30,11.37,81,Store2-Aisle9,22.0,86.8,6,False,False,"C121,C760,C720",SUP135,7,224.44,True,2025-06-15,Store2,Aisle9
P1336,Beef 765g,Meat,Beef,B493,2025-06-19,2025-07-05,173,50,14.31,105,Store1-Aisle18,21.7,82.9,7,True,False,"C408,C192,C942",SUP874,2,96.25,True,2025-06-22,Store1,Aisle18
P1337,Flour 616g,Pantry,Flour,B908,2025-06-14,2025-06-22,80,47,2.52,19,Store4-Aisle14,23.2,56.6,7,True,True,"C618,C167,C460",SUP530,5,221.48,False,2025-06-17,Store4,Aisle14
P1338,Milk 856g,Dairy,Milk,B756,2025-06-17,2025-06-29,171,34,16.03,109,Store1-Aisle13,5.0,55.3,10,True,True,"C355,C628",SUP830,7,250.88,True,2025-06-21,Store1,Aisle13
P1339,Crackers 662g,Snacks,Crackers,B589,2025-07-03,2025-08-02,44,28,4.3,34,Store3-Aisle10,5.0,60.7,3,False,False,"C121,C123",SUP671,6,187.48,True,2025-07-03,Store3,Aisle10
P1340,Juice 468g,Beverages,Juice,B818,2025-06-12,2025-06-24,22,32,12.74,93,Store3-Aisle5,2.2,58.4,10,True,True,"C891,C564,C947,C789",SUP606,1,75.1,True,2025-06-13,Store3,Aisle5
P1341,Ice Cream 964g,Frozen,Ice Cream,B606,2025-06-14,2025-07-03,43,33,17.27,124,Store2-Aisle10,18.2,49.5,3,False,True,C397,SUP368,2,189.13,True,2025-06-16,Store2,Aisle10
P1342,Juice 210g,Beverages,Juice,B580,2025-06-24,2025-07-05,92,42,8.55,57,Store4-Aisle14,18.4,52.8,2,True,True,"C340,C582,C462",SUP720,6,290.49,True,2025-06-24,Store4,Aisle14
P1343,Veg Mix 834g,Frozen,Veg Mix,B490,2025-06-20,2025-07-06,111,41,8.05,59,Store1-Aisle19,4.5,48.5,8,False,False,"C191,C424",SUP827,5,135.55,False,2025-06-20,Store1,Aisle19
P1344,Rice 330g,Pantry,Rice,B611,2025-06-28,2025-07-13,102,49,9.17,63,Store5-Aisle9,12.9,61.8,3,False,False,"C669,C973",SUP773,6,241.48,True,2025-06-29,Store5,Aisle9
P1345,Bread 435g,Bakery,Bread,B287,2025-06-12,2025-06-20,130,28,4.11,30,Store4-Aisle4,24.9,86.4,1,False,False,"C568,C604,C215,C966",SUP837,7,52.94,False,2025-06-12,Store4,Aisle4
P1346,Beef 384g,Meat,Beef,B954,2025-06-24,2025-07-06,140,46,6.18,48,Store5-Aisle7,14.6,88.6,9,True,False,C352,SUP886,4,206.3,False,2025-06-24,Store5,Aisle7
P1347,Veg Mix 896g,Frozen,Veg Mix,B224,2025-06-27,2025-07-16,105,38,18.65,126,Store3-Aisle5,0.7,63.0,8,False,False,C437,SUP144,6,190.49,False,2025-06-29,Store3,Aisle5
P1348,Bread 249g,Bakery,Bread,B920,2025-06-22,2025-07-19,82,30,16.16,109,Store5-Aisle20,9.5,59.9,3,True,False,C121,SUP972,2,57.25,False,2025-06-24,Store5,Aisle20
P1349,Bread 505g,Bakery,Bread,B602,2025-06-08,2025-06-28,198,45,18.51,134,Store5-Aisle5,9.0,44.8,6,True,False,"C497,C587,C374,C676",SUP714,4,36.16,False,2025-06-10,Store5,Aisle5
P1350,Cake 845g,Bakery,Cake,B536,2025-06-17,2025-06-26,20,36,7.49,54,Store2-Aisle5,23.3,66.4,9,True,False,"C547,C181,C920,C589",SUP407,2,295.41,False,2025-06-18,Store2,Aisle5
P1351,Crackers 782g,Snacks,Crackers,B148,2025-06-11,2025-07-05,29,49,1.86,9,Store5-Aisle14,10.3,63.2,10,False,False,"C699,C183,C887",SUP615,1,43.04,False,2025-06-12,Store5,Aisle14
P1352,Cake 246g,Bakery,Cake,B185,2025-07-06,2025-07-26,190,29,6.96,50,Store4-Aisle20,20.2,57.1,3,True,True,C864,SUP718,3,262.77,True,2025-07-09,Store4,Aisle20
P1353,Milk 604g,Dairy,Milk,B219,2025-06-20,2025-06-27,53,40,10.07,71,Store5-Aisle16,7.6,80.7,10,False,False,"C189,C228,C238",SUP114,2,42.45,True,2025-06-25,Store5,Aisle16
P1354,Chicken 414g,Meat,Chicken,B592,2025-06-08,2025-07-05,47,40,5.59,44,Store5-Aisle7,2.2,78.5,3,False,False,C219,SUP270,2,224.25,False,2025-06-11,Store5,Aisle7
P1355,Juice 660g,Beverages,Juice,B699,2025-06-17,2025-07-01,61,29,11.82,83,Store1-Aisle11,0.2,71.5,7,False,False,"C137,C599,C509",SUP597,5,181.4,False,2025-06-18,Store1,Aisle11
P1356,Yogurt 219g,Dairy,Yogurt,B532,2025-06-10,2025-07-05,90,37,2.21,20,Store4-Aisle16,2.9,71.1,6,False,False,C265,SUP394,6,65.74,False,2025-06-13,Store4,Aisle16
P1357,Pork 424g,Meat,Pork,B701,2025-06-28,2025-07-26,96,49,12.44,92,Store4-Aisle5,22.1,76.1,7,False,False,"C918,C964,C265,C736",SUP312,3,210.3,True,2025-07-03,Store4,Aisle5
P1358,Juice 377g,Beverages,Juice,B304,2025-06-22,2025-07-04,165,35,2.92,21,Store4-Aisle10,5.9,67.8,1,False,False,"C793,C262,C278",SUP947,7,269.39,True,2025-06-22,Store4,Aisle10
P1359,Pasta 316g,Pantry,Pasta,B732,2025-06-10,2025-06-24,40,37,5.26,35,Store3-Aisle12,19.2,78.5,9,False,True,C823,SUP151,4,241.71,True,2025-06-10,Store3,Aisle12
P1360,Spinach 242g,Produce,Spinach,B619,2025-06-30,2025-07-10,52,40,3.24,20,Store3-Aisle6,18.2,75.4,9,False,True,"C762,C472",SUP442,7,49.95,True,2025-07-03,Store3,Aisle6
P1361,Chips 451g,Snacks,Chips,B954,2025-06-24,2025-07-16,97,29,10.6,70,Store3-Aisle12,17.9,60.8,4,True,False,"C241,C921",SUP539,4,276.23,False,2025-06-28,Store3,Aisle12
P1362,Rice 653g,Pantry,Rice,B249,2025-06-30,2025-07-07,193,45,10.83,71,Store1-Aisle11,7.9,89.1,3,False,True,"C877,C137,C776,C756",SUP254,5,26.76,False,2025-07-03,Store1,Aisle11
P1363,Granola Bar 917g,Snacks,Granola Bar,B666,2025-06-27,2025-07-13,194,43,6.96,48,Store1-Aisle9,22.5,70.5,3,False,False,"C657,C739",SUP907,5,199.09,False,2025-07-02,Store1,Aisle9
P1364,Chips 508g,Snacks,Chips,B186,2025-07-04,2025-07-12,147,30,8.41,55,Store5-Aisle18,7.1,44.6,9,False,False,"C123,C128",SUP915,5,181.83,True,2025-07-06,Store5,Aisle18
P1365,Granola Bar 313g,Snacks,Granola Bar,B849,2025-06-26,2025-07-04,105,28,12.91,90,Store1-Aisle2,18.9,87.1,8,False,True,"C447,C341,C924,C863",SUP695,5,217.25,True,2025-06-28,Store1,Aisle2
P1366,Ice Cream 882g,Frozen,Ice Cream,B903,2025-06-19,2025-07-18,156,41,3.66,26,Store5-Aisle8,2.6,65.8,4,False,False,C250,SUP828,4,250.25,True,2025-06-19,Store5,Aisle8
P1367,Cheese 333g,Dairy,Cheese,B587,2025-06-23,2025-07-06,124,22,8.02,59,Store4-Aisle19,14.0,78.9,5,False,False,"C805,C601,C849,C526",SUP943,2,51.86,True,2025-06-26,Store4,Aisle19
P1368,Juice 921g,Beverages,Juice,B625,2025-07-03,2025-07-26,40,42,5.04,37,Store1-Aisle6,23.6,58.5,2,False,True,C478,SUP685,3,21.68,True,2025-07-03,Store1,Aisle6
P1369,Pasta 583g,Pantry,Pasta,B410,2025-06-17,2025-07-03,134,20,16.03,109,Store5-Aisle14,1.2,84.7,5,True,True,"C102,C225,C660,C457",SUP169,7,22.96,False,2025-06-21,Store5,Aisle14
P1370,Veg Mix 663g,Frozen,Veg Mix,B445,2025-06-23,2025-07-12,131,46,14.68,106,Store2-Aisle5,12.6,63.0,8,False,True,"C191,C919,C739",SUP780,5,128.79,True,2025-06-26,Store2,Aisle5
P1371,Flour 246g,Pantry,Flour,B786,2025-06-11,2025-07-02,198,28,13.27,89,Store1-Aisle19,15.8,78.6,5,True,True,"C733,C654",SUP690,7,25.33,True,2025-06-14,Store1,Aisle19
P1372,Milk 874g,Dairy,Milk,B644,2025-06-11,2025-06-23,14,28,15.95,109,Store5-Aisle15,2.1,66.7,6,False,True,"C982,C123,C448,C547",SUP284,4,16.98,False,2025-06-14,Store5,Aisle15
P1373,Frozen Pizza 317g,Frozen,Frozen Pizza,B201,2025-07-03,2025-07-27,53,29,3.74,25,Store1-Aisle5,7.7,60.4,3,True,False,"C127,C830",SUP159,3,123.08,False,2025-07-04,Store1,Aisle5
P1374,Crackers 464g,Snacks,Crackers,B484,2025-06-26,2025-07-06,23,26,5.55,42,Store5-Aisle8,12.3,77.6,7,True,False,C425,SUP575,5,128.05,False,2025-06-26,Store5,Aisle8
P1375,Granola Bar 439g,Snacks,Granola Bar,B119,2025-06-18,2025-07-03,151,50,12.14,80,Store2-Aisle18,16.3,46.3,10,False,False,C966,SUP751,5,69.0,True,2025-06-20,Store2,Aisle18
P1376,Bread 750g,Bakery,Bread,B533,2025-06-28,2025-07-22,125,21,1.02,9,Store5-Aisle10,16.3,48.4,1,False,False,"C959,C796,C489",SUP459,7,193.34,False,2025-06-28,Store5,Aisle10
P1377,Muffin 746g,Bakery,Muffin,B676,2025-06-10,2025-06-19,86,22,8.51,55,Store2-Aisle18,25.0,83.9,4,False,False,"C870,C824,C563",SUP379,2,202.06,False,2025-06-12,Store2,Aisle18
P1378,Beef 813g,Meat,Beef,B436,2025-07-01,2025-07-08,187,24,13.28,87,Store5-Aisle16,0.1,40.5,3,False,False,"C651,C183,C906,C997",SUP764,6,32.48,True,2025-07-06,Store5,Aisle16
P1379,Coffee 326g,Beverages,Coffee,B461,2025-06-12,2025-07-01,163,31,8.35,53,Store1-Aisle15,9.3,49.6,1,True,True,"C796,C826,C466",SUP296,1,246.72,False,2025-06-17,Store1,Aisle15
P1380,Chicken 705g,Meat,Chicken,B471,2025-06-14,2025-06-22,81,35,18.19,131,Store2-Aisle1,4.9,81.1,7,True,False,"C274,C665,C298,C775",SUP856,5,204.93,True,2025-06-14,Store2,Aisle1
P1381,Muffin 266g,Bakery,Muffin,B230,2025-07-03,2025-07-18,155,47,5.33,40,Store3-Aisle7,21.2,41.2,9,False,False,C537,SUP756,6,283.49,True,2025-07-05,Store3,Aisle7
P1382,Crackers 480g,Snacks,Crackers,B224,2025-06-30,2025-07-28,142,34,10.42,75,Store1-Aisle8,1.2,85.9,9,False,False,C501,SUP299,3,33.72,True,2025-07-05,Store1,Aisle8
P1383,Pork 633g,Meat,Pork,B176,2025-06-15,2025-06-29,60,25,7.26,46,Store1-Aisle1,12.0,80.4,10,False,False,"C210,C584",SUP344,3,251.43,False,2025-06-19,Store1,Aisle1
P1384,Chicken 994g,Meat,Chicken,B714,2025-06-23,2025-07-19,122,44,2.82,21,Store5-Aisle4,2.1,43.0,1,False,False,C901,SUP230,1,276.54,False,2025-06-23,Store5,Aisle4
P1385,Veg Mix 841g,Frozen,Veg Mix,B542,2025-06-29,2025-07-08,36,41,2.06,9,Store3-Aisle13,10.0,70.9,7,True,True,"C493,C575,C914,C538",SUP735,5,39.37,True,2025-07-02,Store3,Aisle13
P1386,Flour 397g,Pantry,Flour,B210,2025-06-15,2025-06-25,13,39,14.55,105,Store2-Aisle19,3.1,65.4,6,False,False,"C290,C348,C240,C916",SUP145,1,47.03,False,2025-06-19,Store2,Aisle19
P1387,Pasta 797g,Pantry,Pasta,B654,2025-06-30,2025-07-11,47,35,6.86,48,Store3-Aisle12,24.3,65.9,3,True,True,C532,SUP452,2,293.19,True,2025-06-30,Store3,Aisle12
P1388,Rice 883g,Pantry,Rice,B587,2025-06-17,2025-07-16,187,34,12.4,86,Store5-Aisle19,24.1,70.8,7,False,True,C565,SUP997,7,274.06,False,2025-06-18,Store5,Aisle19
P1389,Yogurt 428g,Dairy,Yogurt,B809,2025-06-09,2025-06-23,129,39,5.05,37,Store3-Aisle13,5.1,49.2,1,False,True,C466,SUP130,5,43.4,False,2025-06-12,Store3,Aisle13
P1390,Pork 799g,Meat,Pork,B883,2025-06-21,2025-07-09,21,20,4.78,32,Store2-Aisle8,22.1,75.9,6,True,True,"C122,C280",SUP963,3,274.09,True,2025-06-26,Store2,Aisle8
P1391,Cake 870g,Bakery,Cake,B906,2025-06-18,2025-06-28,96,49,4.99,36,Store2-Aisle12,20.2,73.0,9,False,True,C247,SUP233,7,65.0,False,2025-06-23,Store2,Aisle12
P1392,Pasta 813g,Pantry,Pasta,B539,2025-06-14,2025-07-11,72,49,1.88,17,Store5-Aisle7,21.4,54.7,3,False,True,C744,SUP914,3,263.13,False,2025-06-15,Store5,Aisle7
P1393,Banana 879g,Produce,Banana,B729,2025-06-20,2025-06-29,52,36,8.37,63,Store5-Aisle12,12.5,63.2,6,False,False,"C585,C374,C695,C510",SUP753,7,179.35,True,2025-06-21,Store5,Aisle12
P1394,Chicken 662g,Meat,Chicken,B983,2025-07-01,2025-07-15,111,26,6.81,48,Store5-Aisle6,23.4,58.7,9,True,True,C402,SUP555,5,111.96,True,2025-07-04,Store5,Aisle6
P1395,Pasta 661g,Pantry,Pasta,B578,2025-06-12,2025-07-02,114,31,16.29,114,Store3-Aisle13,0.6,62.1,5,True,False,C401,SUP962,5,158.71,True,2025-06-14,Store3,Aisle13
P1396,Chicken 321g,Meat,Chicken,B173,2025-06-29,2025-07-17,19,37,4.81,31,Store3-Aisle9,7.6,80.8,5,True,True,"C108,C888,C406",SUP388,7,110.52,False,2025-07-02,Store3,Aisle9
P1397,Cheese 869g,Dairy,Cheese,B624,2025-06-09,2025-06-20,111,27,5.31,35,Store4-Aisle8,12.9,79.3,8,False,False,C420,SUP966,2,134.35,False,2025-06-10,Store4,Aisle8
P1398,Soda 771g,Beverages,Soda,B130,2025-06-19,2025-07-07,45,38,17.6,122,Store1-Aisle16,20.3,81.7,6,True,False,"C802,C870,C513,C881",SUP897,6,165.91,False,2025-06-23,Store1,Aisle16
P1399,Yogurt 232g,Dairy,Yogurt,B242,2025-06-17,2025-06-28,94,38,12.97,94,Store5-Aisle19,21.7,89.0,4,False,True,"C292,C586,C211,C436",SUP683,4,195.31,False,2025-06-17,Store5,Aisle19
P1400,Bread 891g,Bakery,Bread,B666,2025-06-15,2025-06-27,18,46,14.09,100,Store1-Aisle6,5.0,85.6,7,False,True,"C398,C775",SUP636,1,141.85,False,2025-06-19,Store1,Aisle6
P1401,Milk 534g,Dairy,Milk,B980,2025-06-16,2025-07-06,110,25,19.8,135,Store5-Aisle14,12.0,43.4,4,True,True,"C542,C937,C826",SUP780,4,56.05,False,2025-06-20,Store5,Aisle14
P1402,Pork 933g,Meat,Pork,B801,2025-06-25,2025-07-16,80,26,1.14,4,Store4-Aisle3,20.6,70.2,4,False,False,"C573,C689,C140,C854",SUP193,3,197.43,False,2025-06-27,Store4,Aisle3
P1403,Ice Cream 827g,Frozen,Ice Cream,B943,2025-06-14,2025-06-26,116,27,4.41,34,Store4-Aisle15,9.6,73.0,10,True,False,C345,SUP991,2,89.4,False,2025-06-19,Store4,Aisle15
P1404,Spinach 943g,Produce,Spinach,B839,2025-06-09,2025-06-22,136,33,19.86,142,Store1-Aisle12,1.9,45.3,6,False,False,"C358,C312",SUP618,1,144.03,True,2025-06-14,Store1,Aisle12
P1405,Soda 551g,Beverages,Soda,B863,2025-06-23,2025-07-12,59,32,1.72,11,Store1-Aisle5,8.2,77.4,8,False,True,C661,SUP772,2,216.94,False,2025-06-24,Store1,Aisle5
P1406,Soda 365g,Beverages,Soda,B274,2025-06-19,2025-06-26,165,23,4.37,26,Store5-Aisle13,4.2,73.6,1,False,True,"C466,C282,C321,C831",SUP135,6,164.37,False,2025-06-24,Store5,Aisle13
P1407,Yogurt 735g,Dairy,Yogurt,B756,2025-06-15,2025-07-13,193,41,18.04,127,Store3-Aisle15,1.3,40.2,7,True,True,"C344,C304,C193",SUP116,4,18.1,True,2025-06-17,Store3,Aisle15
P1408,Pork 885g,Meat,Pork,B164,2025-07-06,2025-07-20,34,45,16.87,123,Store2-Aisle6,1.1,65.6,6,False,True,"C654,C504",SUP538,1,77.4,True,2025-07-08,Store2,Aisle6
P1409,Rice 215g,Pantry,Rice,B511,2025-06-30,2025-07-27,90,20,8.39,60,Store2-Aisle3,16.4,53.9,10,False,True,C323,SUP520,3,232.59,False,2025-06-30,Store2,Aisle3
P1410,Cake 297g,Bakery,Cake,B714,2025-06-10,2025-06-27,171,42,8.38,55,Store3-Aisle6,15.9,84.2,6,False,True,"C118,C723,C699",SUP559,4,158.2,True,2025-06-14,Store3,Aisle6
P1411,Milk 221g,Dairy,Milk,B731,2025-06-13,2025-06-23,89,27,15.02,103,Store5-Aisle3,1.5,58.7,5,True,True,"C309,C757,C138,C343",SUP842,5,296.68,False,2025-06-18,Store5,Aisle3
P1412,Rice 484g,Pantry,Rice,B425,2025-06-27,2025-07-24,20,36,16.04,113,Store3-Aisle1,5.7,76.6,6,True,True,C780,SUP354,7,209.33,True,2025-07-01,Store3,Aisle1
P1413,Granola Bar 529g,Snacks,Granola Bar,B287,2025-06-25,2025-07-16,171,20,2.23,17,Store1-Aisle7,1.3,89.6,4,True,True,"C706,C662",SUP951,7,280.23,True,2025-06-29,Store1,Aisle7
P1414,Banana 942g,Produce,Banana,B578,2025-06-15,2025-07-01,52,43,4.75,34,Store2-Aisle20,6.2,54.3,8,True,False,"C181,C468,C507,C486",SUP271,4,138.0,False,2025-06-16,Store2,Aisle20
P1415,Juice 980g,Beverages,Juice,B490,2025-07-06,2025-07-26,31,44,18.22,126,Store5-Aisle18,3.8,76.3,5,False,False,"C564,C390,C484",SUP675,5,149.44,False,2025-07-07,Store5,Aisle18
P1416,Juice 358g,Beverages,Juice,B294,2025-06-09,2025-06-16,13,47,10.51,73,Store4-Aisle13,23.1,87.0,6,False,False,"C756,C702,C172",SUP518,1,297.82,True,2025-06-12,Store4,Aisle13
P1417,Bread 981g,Bakery,Bread,B546,2025-06-28,2025-07-13,194,31,10.68,76,Store3-Aisle2,16.3,86.3,4,True,False,C932,SUP470,6,214.9,True,2025-07-03,Store3,Aisle2
P1418,Cake 819g,Bakery,Cake,B566,2025-06-15,2025-07-13,47,28,5.7,43,Store2-Aisle1,2.9,44.6,7,False,True,"C997,C533",SUP269,7,133.79,False,2025-06-19,Store2,Aisle1
P1419,Granola Bar 515g,Snacks,Granola Bar,B851,2025-06-08,2025-06-28,196,47,2.69,23,Store5-Aisle12,20.4,53.5,4,False,False,C272,SUP935,4,10.46,True,2025-06-13,Store5,Aisle12
P1420,Granola Bar 626g,Snacks,Granola Bar,B770,2025-06-27,2025-07-13,197,33,4.24,29,Store2-Aisle5,5.0,49.1,2,False,True,"C305,C160",SUP867,2,244.66,True,2025-06-29,Store2,Aisle5
P1421,Crackers 841g,Snacks,Crackers,B739,2025-06-28,2025-07-08,172,25,2.52,13,Store4-Aisle4,6.9,57.1,10,True,False,"C788,C878,C203,C109",SUP162,3,228.02,True,2025-07-03,Store4,Aisle4
P1422,Milk 416g,Dairy,Milk,B634,2025-07-01,2025-07-08,106,39,10.88,75,Store4-Aisle16,18.9,70.2,6,False,False,"C936,C345,C469",SUP781,4,119.75,True,2025-07-03,Store4,Aisle16
P1423,Rice 203g,Pantry,Rice,B567,2025-07-01,2025-07-30,112,43,16.87,115,Store1-Aisle20,3.1,66.5,4,False,False,"C627,C523,C776,C292",SUP103,6,287.69,False,2025-07-01,Store1,Aisle20
P1424,Rice 953g,Pantry,Rice,B433,2025-07-01,2025-07-29,123,27,12.53,88,Store5-Aisle3,8.7,87.0,8,True,False,"C721,C299,C829",SUP246,7,160.82,True,2025-07-02,Store5,Aisle3
P1425,Juice 508g,Beverages,Juice,B952,2025-06-15,2025-07-13,150,47,9.87,71,Store1-Aisle16,16.6,52.0,4,True,True,C545,SUP832,1,56.47,False,2025-06-18,Store1,Aisle16
P1426,Frozen Pizza 936g,Frozen,Frozen Pizza,B363,2025-06-29,2025-07-27,131,50,18.05,122,Store2-Aisle18,15.8,64.6,6,True,True,"C486,C834,C860",SUP853,6,120.68,False,2025-06-30,Store2,Aisle18
P1427,Beef 318g,Meat,Beef,B397,2025-06-10,2025-06-19,38,22,7.46,56,Store2-Aisle4,14.3,46.4,6,False,True,"C163,C704,C648",SUP294,7,122.56,False,2025-06-12,Store2,Aisle4
P1428,Flour 329g,Pantry,Flour,B632,2025-06-21,2025-07-19,164,38,5.22,37,Store1-Aisle18,21.3,55.8,5,True,False,"C250,C715,C390,C249",SUP864,6,256.25,True,2025-06-25,Store1,Aisle18
P1429,Pasta 714g,Pantry,Pasta,B805,2025-06-26,2025-07-06,80,47,14.42,102,Store2-Aisle16,7.3,88.3,1,False,True,"C968,C850",SUP929,2,213.12,True,2025-06-27,Store2,Aisle16
P1430,Coffee 601g,Beverages,Coffee,B406,2025-06-25,2025-07-23,50,20,11.41,79,Store4-Aisle16,24.8,77.9,7,True,False,"C813,C299,C817",SUP976,5,124.19,True,2025-06-27,Store4,Aisle16
P1431,Yogurt 511g,Dairy,Yogurt,B568,2025-06-17,2025-07-14,51,38,3.61,27,Store3-Aisle5,5.2,80.2,4,True,False,C794,SUP904,7,52.81,False,2025-06-22,Store3,Aisle5
P1432,Bread 298g,Bakery,Bread,B464,2025-06-23,2025-07-15,55,50,2.0,17,Store3-Aisle19,10.8,47.4,7,True,True,C346,SUP506,4,97.78,True,2025-06-28,Store3,Aisle19
P1433,Granola Bar 886g,Snacks,Granola Bar,B774,2025-06-17,2025-06-26,128,47,16.55,116,Store3-Aisle15,9.2,46.0,2,True,False,"C123,C700",SUP686,5,149.05,True,2025-06-21,Store3,Aisle15
P1434,Cake 695g,Bakery,Cake,B760,2025-06-20,2025-07-19,121,29,11.86,79,Store3-Aisle3,17.8,83.1,9,True,False,C503,SUP669,7,165.56,False,2025-06-20,Store3,Aisle3
P1435,Apple 874g,Produce,Apple,B220,2025-07-03,2025-07-15,163,42,4.42,33,Store4-Aisle11,3.1,46.4,4,True,True,"C971,C871,C135",SUP186,1,156.78,False,2025-07-07,Store4,Aisle11
P1436,Cake 873g,Bakery,Cake,B100,2025-06-30,2025-07-14,86,21,18.98,135,Store3-Aisle18,11.1,68.9,6,False,True,C778,SUP939,1,78.76,True,2025-07-01,Store3,Aisle18
P1437,Frozen Pizza 337g,Frozen,Frozen Pizza,B716,2025-06-10,2025-07-04,65,38,7.82,51,Store5-Aisle14,1.9,52.7,7,True,False,"C185,C360,C792,C535",SUP811,2,165.41,True,2025-06-15,Store5,Aisle14
P1438,Veg Mix 913g,Frozen,Veg Mix,B761,2025-06-10,2025-06-23,192,31,11.71,86,Store5-Aisle20,4.1,81.1,6,False,False,C718,SUP353,1,88.34,True,2025-06-15,Store5,Aisle20
P1439,Chips 537g,Snacks,Chips,B755,2025-07-04,2025-07-13,102,49,7.34,50,Store2-Aisle8,6.8,44.9,4,False,True,C279,SUP639,6,263.9,False,2025-07-04,Store2,Aisle8
P1440,Flour 785g,Pantry,Flour,B986,2025-06-22,2025-07-08,151,28,12.54,82,Store2-Aisle11,23.7,59.5,6,False,False,"C365,C109",SUP803,5,216.83,True,2025-06-23,Store2,Aisle11
P1441,Granola Bar 953g,Snacks,Granola Bar,B373,2025-07-02,2025-07-10,195,40,19.52,134,Store5-Aisle14,17.7,49.2,6,False,False,"C538,C633,C835",SUP933,2,98.5,True,2025-07-04,Store5,Aisle14
P1442,Crackers 292g,Snacks,Crackers,B749,2025-07-04,2025-07-13,29,43,5.56,34,Store2-Aisle19,1.4,77.2,9,False,True,"C793,C620,C848,C239",SUP591,4,159.35,True,2025-07-07,Store2,Aisle19
P1443,Yogurt 394g,Dairy,Yogurt,B951,2025-07-01,2025-07-31,11,42,9.07,66,Store3-Aisle8,24.9,73.1,9,True,False,"C790,C882",SUP636,2,60.7,False,2025-07-02,Store3,Aisle8
P1444,Rice 632g,Pantry,Rice,B607,2025-06-19,2025-07-08,53,31,19.42,135,Store2-Aisle18,21.3,82.9,5,False,False,"C371,C318,C102",SUP855,6,174.96,True,2025-06-21,Store2,Aisle18
P1445,Cheese 832g,Dairy,Cheese,B968,2025-07-03,2025-07-25,24,31,1.11,9,Store3-Aisle10,8.8,40.3,3,False,False,C203,SUP541,4,67.29,True,2025-07-06,Store3,Aisle10
P1446,Banana 207g,Produce,Banana,B259,2025-06-23,2025-07-21,74,27,9.94,69,Store3-Aisle12,10.7,49.1,5,True,False,"C265,C243,C462,C865",SUP544,1,114.18,True,2025-06-23,Store3,Aisle12
P1447,Beef 241g,Meat,Beef,B236,2025-07-04,2025-07-23,117,43,7.29,46,Store2-Aisle7,23.7,88.0,5,True,False,"C663,C607,C919,C798",SUP831,2,104.22,False,2025-07-08,Store2,Aisle7
P1448,Chips 312g,Snacks,Chips,B210,2025-06-16,2025-06-23,42,24,7.54,47,Store2-Aisle2,17.0,57.1,10,True,False,"C396,C388,C597,C184",SUP879,4,81.85,True,2025-06-21,Store2,Aisle2
P1449,Bread 487g,Bakery,Bread,B885,2025-06-21,2025-07-01,77,42,5.7,40,Store2-Aisle16,17.7,80.5,9,True,True,"C334,C223",SUP235,4,21.13,True,2025-06-22,Store2,Aisle16
P1450,Chips 831g,Snacks,Chips,B304,2025-06-14,2025-06-23,23,32,8.74,60,Store2-Aisle8,8.4,64.0,9,False,True,"C212,C375,C472",SUP387,3,216.36,True,2025-06-16,Store2,Aisle8
P1451,Milk 241g,Dairy,Milk,B100,2025-06-27,2025-07-05,179,43,7.11,48,Store4-Aisle9,22.7,45.0,3,False,False,"C442,C411,C214",SUP199,6,13.96,True,2025-06-29,Store4,Aisle9
P1452,Flour 570g,Pantry,Flour,B860,2025-06-14,2025-07-09,145,39,8.06,61,Store3-Aisle7,14.6,44.4,2,True,True,C700,SUP770,7,65.23,False,2025-06-14,Store3,Aisle7
P1453,Spinach 833g,Produce,Spinach,B451,2025-06-22,2025-07-08,195,35,19.8,136,Store5-Aisle5,1.1,49.6,9,False,False,"C559,C744,C834",SUP220,4,29.64,False,2025-06-26,Store5,Aisle5
P1454,Milk 813g,Dairy,Milk,B380,2025-07-03,2025-08-01,43,29,1.86,17,Store1-Aisle7,18.5,59.9,9,True,True,"C868,C621,C493,C675",SUP898,4,126.25,False,2025-07-04,Store1,Aisle7
P1455,Bread 363g,Bakery,Bread,B685,2025-06-11,2025-06-24,161,42,1.17,11,Store4-Aisle17,17.7,66.3,5,True,False,"C665,C221,C275",SUP329,1,164.73,False,2025-06-11,Store4,Aisle17
P1456,Cake 336g,Bakery,Cake,B376,2025-07-03,2025-07-11,174,27,19.8,136,Store5-Aisle4,0.0,57.4,10,False,False,C822,SUP662,3,219.4,False,2025-07-07,Store5,Aisle4
P1457,Ice Cream 258g,Frozen,Ice Cream,B740,2025-06-20,2025-06-27,101,27,14.88,103,Store2-Aisle9,24.3,66.9,10,True,False,"C990,C741,C749",SUP718,5,69.79,False,2025-06-21,Store2,Aisle9
P1458,Pasta 408g,Pantry,Pasta,B695,2025-06-13,2025-07-10,111,24,9.48,67,Store3-Aisle5,22.6,44.7,3,False,True,"C293,C683",SUP602,6,62.32,False,2025-06-13,Store3,Aisle5
P1459,Frozen Pizza 381g,Frozen,Frozen Pizza,B937,2025-06-19,2025-07-08,185,39,4.57,28,Store1-Aisle14,6.1,85.5,7,True,True,C717,SUP202,4,121.36,True,2025-06-19,Store1,Aisle14
P1460,Milk 454g,Dairy,Milk,B888,2025-06-26,2025-07-05,78,24,18.83,135,Store1-Aisle1,23.9,45.3,6,True,True,"C591,C877",SUP676,4,246.48,False,2025-06-28,Store1,Aisle1
P1461,Juice 449g,Beverages,Juice,B157,2025-06-29,2025-07-23,187,28,12.92,86,Store1-Aisle2,2.6,54.8,9,False,True,C329,SUP124,2,133.87,True,2025-07-01,Store1,Aisle2
P1462,Frozen Pizza 900g,Frozen,Frozen Pizza,B493,2025-07-04,2025-08-01,193,46,18.13,128,Store2-Aisle4,5.6,87.8,5,False,True,"C221,C469,C186",SUP144,5,53.82,False,2025-07-08,Store2,Aisle4
P1463,Flour 385g,Pantry,Flour,B795,2025-06-30,2025-07-20,48,48,13.68,94,Store5-Aisle10,8.7,45.2,8,False,False,C907,SUP102,7,280.6,True,2025-07-05,Store5,Aisle10
P1464,Cake 351g,Bakery,Cake,B499,2025-06-19,2025-07-10,194,45,15.93,113,Store1-Aisle4,14.4,88.0,5,True,True,"C230,C286,C885",SUP494,3,102.6,False,2025-06-22,Store1,Aisle4
P1465,Granola Bar 851g,Snacks,Granola Bar,B441,2025-07-03,2025-07-14,177,49,5.67,40,Store5-Aisle16,13.5,64.6,9,True,False,C694,SUP832,4,162.81,True,2025-07-08,Store5,Aisle16
P1466,Apple 570g,Produce,Apple,B102,2025-06-30,2025-07-13,14,31,11.61,78,Store1-Aisle2,22.8,58.0,3,False,False,"C955,C973",SUP664,4,80.32,True,2025-06-30,Store1,Aisle2
P1467,Bread 912g,Bakery,Bread,B820,2025-06-12,2025-06-23,106,43,1.5,11,Store3-Aisle2,17.5,73.1,2,False,True,C250,SUP474,2,32.91,True,2025-06-12,Store3,Aisle2
P1468,Chips 983g,Snacks,Chips,B286,2025-07-01,2025-07-23,200,24,15.21,105,Store4-Aisle14,18.1,62.2,1,False,True,"C161,C757",SUP132,5,227.83,True,2025-07-01,Store4,Aisle14
P1469,Crackers 896g,Snacks,Crackers,B996,2025-06-08,2025-06-29,151,42,16.76,121,Store5-Aisle10,17.7,61.2,3,False,True,"C228,C860,C316,C510",SUP733,1,73.48,True,2025-06-13,Store5,Aisle10
P1470,Spinach 679g,Produce,Spinach,B588,2025-06-21,2025-07-08,177,40,8.7,61,Store2-Aisle2,20.1,72.3,4,False,True,C179,SUP471,5,235.85,False,2025-06-21,Store2,Aisle2
P1471,Beef 366g,Meat,Beef,B654,2025-07-04,2025-07-14,26,26,12.35,85,Store2-Aisle18,5.0,86.5,4,False,True,C677,SUP909,4,23.25,False,2025-07-04,Store2,Aisle18
P1472,Frozen Pizza 565g,Frozen,Frozen Pizza,B869,2025-07-02,2025-07-18,111,36,4.7,33,Store3-Aisle5,17.6,44.9,7,True,True,C701,SUP915,4,148.32,True,2025-07-04,Store3,Aisle5
P1473,Bread 898g,Bakery,Bread,B574,2025-06-18,2025-06-27,170,22,19.1,131,Store2-Aisle5,19.2,48.1,9,False,False,"C447,C397",SUP468,5,258.23,False,2025-06-18,Store2,Aisle5
P1474,Chips 413g,Snacks,Chips,B725,2025-07-01,2025-07-27,29,50,3.9,32,Store4-Aisle4,20.1,47.1,5,True,False,C565,SUP421,2,280.88,True,2025-07-01,Store4,Aisle4
P1475,Veg Mix 572g,Frozen,Veg Mix,B461,2025-06-24,2025-07-03,28,25,14.5,103,Store3-Aisle16,24.5,78.2,8,True,True,"C140,C472,C979,C393",SUP510,4,258.53,True,2025-06-27,Store3,Aisle16
P1476,Flour 839g,Pantry,Flour,B421,2025-06-24,2025-07-12,31,41,8.85,63,Store3-Aisle2,15.5,72.2,4,True,True,C397,SUP484,2,175.34,True,2025-06-25,Store3,Aisle2
P1477,Crackers 885g,Snacks,Crackers,B195,2025-06-13,2025-07-01,129,34,13.21,94,Store1-Aisle3,4.5,45.4,7,False,True,"C436,C166,C424,C450",SUP718,4,71.66,False,2025-06-13,Store1,Aisle3
P1478,Ice Cream 239g,Frozen,Ice Cream,B658,2025-06-29,2025-07-10,130,24,13.16,92,Store5-Aisle2,24.7,78.7,1,False,False,"C318,C155,C316,C988",SUP123,7,208.26,False,2025-07-01,Store5,Aisle2
P1479,Bread 345g,Bakery,Bread,B170,2025-06-08,2025-06-23,113,22,6.67,48,Store4-Aisle17,5.4,84.7,3,True,True,"C450,C871,C404,C268",SUP303,3,283.16,False,2025-06-11,Store4,Aisle17
P1480,Muffin 647g,Bakery,Muffin,B463,2025-06-18,2025-07-17,156,32,16.64,119,Store5-Aisle7,1.9,73.4,10,True,False,"C114,C254,C569",SUP251,4,260.65,True,2025-06-23,Store5,Aisle7
P1481,Crackers 733g,Snacks,Crackers,B839,2025-06-08,2025-06-15,125,50,16.82,114,Store4-Aisle19,2.4,50.9,4,False,True,"C321,C456,C314,C295",SUP795,5,286.98,False,2025-06-10,Store4,Aisle19
P1482,Cheese 514g,Dairy,Cheese,B614,2025-06-21,2025-07-01,189,35,13.33,95,Store4-Aisle14,8.8,81.4,7,False,True,"C569,C538",SUP482,2,170.3,True,2025-06-25,Store4,Aisle14
P1483,Crackers 491g,Snacks,Crackers,B965,2025-06-19,2025-07-17,186,41,9.31,64,Store5-Aisle4,24.9,80.3,2,True,True,"C206,C608,C867,C869",SUP738,5,38.91,False,2025-06-23,Store5,Aisle4
P1484,Yogurt 496g,Dairy,Yogurt,B972,2025-06-30,2025-07-20,64,27,15.76,113,Store4-Aisle4,4.9,63.5,2,False,False,"C940,C760,C820,C903",SUP858,4,12.21,False,2025-07-01,Store4,Aisle4
P1485,Ice Cream 874g,Frozen,Ice Cream,B370,2025-06-30,2025-07-16,116,41,5.59,40,Store1-Aisle1,0.7,79.5,9,False,False,"C685,C540",SUP347,5,292.31,True,2025-07-04,Store1,Aisle1
P1486,Chips 791g,Snacks,Chips,B539,2025-06-27,2025-07-08,172,32,19.57,133,Store4-Aisle11,12.9,61.9,2,True,True,"C963,C880,C742,C366",SUP957,5,56.13,False,2025-06-28,Store4,Aisle11
P1487,Apple 226g,Produce,Apple,B547,2025-06-29,2025-07-06,170,44,12.27,80,Store5-Aisle18,23.0,43.9,7,True,True,"C749,C746,C896,C466",SUP291,2,199.23,True,2025-07-01,Store5,Aisle18
P1488,Pork 451g,Meat,Pork,B843,2025-06-26,2025-07-15,76,41,1.98,9,Store2-Aisle1,16.0,69.0,2,True,False,C209,SUP245,3,85.98,True,2025-06-26,Store2,Aisle1
P1489,Banana 570g,Produce,Banana,B958,2025-06-18,2025-07-01,110,23,10.33,67,Store4-Aisle3,12.2,71.3,4,False,False,"C748,C561,C927",SUP264,2,96.64,True,2025-06-23,Store4,Aisle3
P1490,Milk 551g,Dairy,Milk,B455,2025-06-25,2025-07-17,167,39,11.38,76,Store5-Aisle9,23.2,49.6,1,True,True,"C987,C473",SUP217,2,18.55,True,2025-06-26,Store5,Aisle9
P1491,Spinach 908g,Produce,Spinach,B229,2025-06-16,2025-07-01,80,35,4.79,29,Store3-Aisle18,16.3,63.4,8,False,False,"C356,C277",SUP302,6,255.35,False,2025-06-19,Store3,Aisle18
P1492,Spinach 984g,Produce,Spinach,B701,2025-06-26,2025-07-12,52,45,4.91,36,Store4-Aisle15,10.6,77.4,6,True,False,"C304,C680,C461,C482",SUP747,7,28.64,True,2025-06-26,Store4,Aisle15
P1493,Veg Mix 619g,Frozen,Veg Mix,B400,2025-07-02,2025-07-28,175,50,19.34,135,Store4-Aisle1,2.9,80.5,7,True,False,"C174,C320",SUP772,3,117.87,False,2025-07-02,Store4,Aisle1
P1494,Cheese 904g,Dairy,Cheese,B111,2025-06-20,2025-07-19,94,26,9.84,68,Store2-Aisle18,1.7,54.2,4,True,True,"C833,C722,C926",SUP980,6,31.7,False,2025-06-25,Store2,Aisle18
P1495,Crackers 527g,Snacks,Crackers,B302,2025-07-03,2025-07-16,22,45,10.38,67,Store3-Aisle14,3.0,62.6,10,False,False,"C690,C121",SUP391,1,196.66,True,2025-07-06,Store3,Aisle14
P1496,Frozen Pizza 612g,Frozen,Frozen Pizza,B137,2025-06-11,2025-07-05,145,21,7.41,46,Store1-Aisle16,2.4,80.1,5,False,False,"C509,C181,C669",SUP893,3,153.21,True,2025-06-14,Store1,Aisle16
P1497,Veg Mix 665g,Frozen,Veg Mix,B605,2025-06-29,2025-07-26,41,46,8.1,60,Store1-Aisle1,5.6,81.3,3,True,False,"C331,C274,C190,C295",SUP841,7,116.98,True,2025-07-04,Store1,Aisle1
P1498,Cheese 244g,Dairy,Cheese,B213,2025-07-03,2025-07-11,87,22,6.01,46,Store4-Aisle9,17.5,86.2,10,False,True,"C426,C982",SUP251,7,179.4,False,2025-07-08,Store4,Aisle9
P1499,Coffee 325g,Beverages,Coffee,B634,2025-06-29,2025-07-22,71,38,10.08,72,Store3-Aisle11,19.3,64.1,2,False,False,C461,SUP671,7,263.13,True,2025-07-04,Store3,Aisle11
P1464,Cake 351g,Bakery,Cake,B499,2025-06-19,2025-07-10,56,45,15.93,113,Store1-Aisle4,14.4,88.0,5,True,True,"C230,C286,C885",SUP494,3,102.6,False,2025-06-22,Store2,Aisle4
P1464,Cake 351g,Bakery,Cake,B499,2025-06-19,2025-07-10,33,45,15.93,113,Store1-Aisle4,14.4,88.0,5,True,True,"C230,C286,C885",SUP494,3,102.6,False,2025-06-22,Store4,Aisle4
P1459,Frozen Pizza 381g,Frozen,Frozen Pizza,B937,2025-06-19,2025-07-08,57,39,4.57,28,Store1-Aisle14,6.1,85.5,7,True,True,C717,SUP202,4,121.36,True,2025-06-19,Store4,Aisle14
P1459,Frozen Pizza 381g,Frozen,Frozen Pizza,B937,2025-06-19,2025-07-08,31,39,4.57,28,Store1-Aisle14,6.1,85.5,7,True,True,C717,SUP202,4,121.36,True,2025-06-19,Store3,Aisle14
P1308,Ice Cream 496g,Frozen,Ice Cream,B872,2025-06-10,2025-07-05,35,24,16.19,115,Store3-Aisle4,18.3,85.0,3,True,False,C511,SUP732,7,73.91,False,2025-06-10,Store5,Aisle4
P1308,Ice Cream 496g,Frozen,Ice Cream,B872,2025-06-10,2025-07-05,12,24,16.19,115,Store3-Aisle4,18.3,85.0,3,True,False,C511,SUP732,7,73.91,False,2025-06-10,Store4,Aisle4
P1188,Granola Bar 916g,Snacks,Granola Bar,B866,2025-06-19,2025-07-12,69,46,14.33,100,Store5-Aisle7,5.0,71.2,5,False,True,"C615,C655",SUP810,6,103.49,True,2025-06-21,Store3,Aisle7
P1188,Granola Bar 916g,Snacks,Granola Bar,B866,2025-06-19,2025-07-12,40,46,14.33,100,Store5-Aisle7,5.0,71.2,5,False,True,"C615,C655",SUP810,6,103.49,True,2025-06-21,Store2,Aisle7
P1124,Bread 855g,Bakery,Bread,B773,2025-06-11,2025-07-01,41,20,15.01,103,Store4-Aisle19,10.7,40.2,4,True,False,C691,SUP204,7,262.87,True,2025-06-13,Store2,Aisle19
P1124,Bread 855g,Bakery,Bread,B773,2025-06-11,2025-07-01,6,20,15.01,103,Store4-Aisle19,10.7,40.2,4,True,False,C691,SUP204,7,262.87,True,2025-06-13,Store5,Aisle19
P1426,Frozen Pizza 936g,Frozen,Frozen Pizza,B363,2025-06-29,2025-07-27,64,50,18.05,122,Store2-Aisle18,15.8,64.6,6,True,True,"C486,C834,C860",SUP853,6,120.68,False,2025-06-30,Store5,Aisle18
P1426,Frozen Pizza 936g,Frozen,Frozen Pizza,B363,2025-06-29,2025-07-27,44,50,18.05,122,Store2-Aisle18,15.8,64.6,6,True,True,"C486,C834,C860",SUP853,6,120.68,False,2025-06-30,Store1,Aisle18
P1490,Milk 551g,Dairy,Milk,B455,2025-06-25,2025-07-17,60,39,11.38,76,Store5-Aisle9,23.2,49.6,1,True,True,"C987,C473",SUP217,2,18.55,True,2025-06-26,Store4,Aisle9
P1490,Milk 551g,Dairy,Milk,B455,2025-06-25,2025-07-17,34,39,11.38,76,Store5-Aisle9,23.2,49.6,1,True,True,"C987,C473",SUP217,2,18.55,True,2025-06-26,Store2,Aisle9
P1016,Rice 852g,Pantry,Rice,B368,2025-06-18,2025-06-30,47,34,11.48,81,Store5-Aisle1,2.8,87.3,3,True,False,"C540,C230",SUP142,3,115.75,True,2025-06-20,Store2,Aisle1
P1016,Rice 852g,Pantry,Rice,B368,2025-06-18,2025-06-30,28,34,11.48,81,Store5-Aisle1,2.8,87.3,3,True,False,"C540,C230",SUP142,3,115.75,True,2025-06-20,Store3,Aisle1
P1201,Rice 895g,Pantry,Rice,B850,2025-06-28,2025-07-15,50,34,9.46,65,Store4-Aisle18,2.7,72.3,2,False,True,"C369,C851",SUP741,1,220.95,True,2025-07-02,Store2,Aisle18
P1201,Rice 895g,Pantry,Rice,B850,2025-06-28,2025-07-15,21,34,9.46,65,Store4-Aisle18,2.7,72.3,2,False,True,"C369,C851",SUP741,1,220.95,True,2025-07-02,Store3,Aisle18
P1047,Bread 672g,Bakery,Bread,B753,2025-06-29,2025-07-14,40,28,13.67,97,Store3-Aisle18,3.9,62.1,6,False,False,"C567,C965,C409",SUP303,4,257.47,True,2025-06-30,Store2,Aisle18
P1047,Bread 672g,Bakery,Bread,B753,2025-06-29,2025-07-14,21,28,13.67,97,Store3-Aisle18,3.9,62.1,6,False,False,"C567,C965,C409",SUP303,4,257.47,True,2025-06-30,Store5,Aisle18
P1048,Chips 250g,Snacks,Chips,B001,2025-06-01,2025-08-15,5,15,2,12,Store1-Aisle2,22.5,45.0,4,False,True,C101,SUP101,5,45.00,True,2025-07-05,Store1,Aisle2
P1049,Chips 250g,Snacks,Chips,B002,2025-06-01,2025-08-15,28,15,2,14,Store2-Aisle2,22.0,44.0,4,False,True,C102,SUP101,5,45.00,True,2025-07-05,Store2,Aisle2
P1050,Orange Juice 1L,Beverages,Juice,B010,2025-05-25,2025-08-01,9,20,3,18,Store3-Aisle1,4.0,65.0,3,True,True,C103,SUP202,4,80.00,False,2025-07-01,Store3,Aisle1
P1051,Orange Juice 1L,Beverages,Juice,B011,2025-05-25,2025-08-01,26,20,3,19,Store4-Aisle1,4.5,60.0,3,True,True,C104,SUP202,4,80.00,False,2025-07-01,Store4,Aisle1
P1052,Bread Loaf 400g,Bakery,Bread,B500,2025-06-15,2025-07-20,12,12,1.5,10,Store5-Aisle5,25.0,55.0,5,True,False,C105,SUP303,3,35.00,True,2025-07-06,Store5,Aisle5